/c/en/home	RelatedTo	/c/en/family	6.7536656713225	0.346
/c/en/family	AtLocation	/c/en/house	6.32455532033676	0.284
/c/en/family	RelatedTo	/c/en/group	4.988386512691252	0.246
/c/en/person_wants	HasA	/c/en/family	4.898979485566356	-0.005
/c/en/daughter	RelatedTo	/c/en/family	4.610856753359402	0.349
/c/en/love	AtLocation	/c/en/family	4.47213595499958	0.089
/c/en/family	RelatedTo	/c/en/people	3.987981945796645	0.152
/c/en/brother	RelatedTo	/c/en/family	3.5749125863438955	0.282
/c/en/family	RelatedTo	/c/en/relatives	3.4945672121165448	0.629
/c/en/aunt	PartOf	/c/en/family	3.4641016151377544	0.261
/c/en/brother	AtLocation	/c/en/family	3.4641016151377544	0.282
/c/en/family	IsA	/c/en/group_of_related_people	3.4641016151377544	0.132
/c/en/family	RelatedTo	/c/en/mother	3.3226495451672307	0.378
/c/en/relation	RelatedTo	/c/en/family	3.073109174760962	0.137
/c/en/family	RelatedTo	/c/en/home	3.065941943351179	0.346
/c/en/sister	RelatedTo	/c/en/family	3.025888299326331	0.259
/c/en/family	RelatedTo	/c/en/parents	3.0205959676858463	0.411
/c/en/family	RelatedTo	/c/en/father	2.9785902705810345	0.35
/c/en/family	RelatedTo	/c/en/dad	2.8509647489928733	0.319
/c/en/family	HasProperty	/c/en/nice	2.82842712474619	0.038
/c/en/family	RelatedTo	/c/en/children	2.7727242920997384	0.241
/c/en/family	RelatedTo	/c/en/unit	2.723233372298452	0.201
/c/en/family	RelatedTo	/c/en/mom	2.591524647770111	0.344
/c/en/house	RelatedTo	/c/en/family	2.558906016249913	0.284
/c/en/mother	RelatedTo	/c/en/family	2.5083859352181044	0.378
/c/en/son	RelatedTo	/c/en/family	2.3194827009486403	0.264
/c/en/family	RelatedTo	/c/en/related	2.03469899493758	0.173
/c/en/form_family	IsA	/c/en/family	2.0	0.0
/c/en/monocot_family	IsA	/c/en/family	2.0	0.144
/c/en/panorpidae	IsA	/c/en/family	2.0	0.009
/c/en/worm_family	IsA	/c/en/family	2.0	-0.018
/c/en/arthropod_family	IsA	/c/en/family	2.0	0.17
/c/en/extended_family	IsA	/c/en/family	2.0	0.053
/c/en/menage	Synonym	/c/en/family	2.0	0.449
/c/en/couple	IsA	/c/en/family	2.0	0.105
/c/en/grandma	PartOf	/c/en/family	2.0	0.217
/c/en/name	IsA	/c/en/family	2.0	0.068
/c/en/amphibian_family	IsA	/c/en/family	2.0	0.058
/c/en/family	IsA	/c/en/unit	2.0	0.201
/c/en/coelenterate_family	IsA	/c/en/family	2.0	0.107
/c/en/ctenophore_family	IsA	/c/en/family	2.0	0.173
/c/en/moss_family	IsA	/c/en/family	2.0	-0.054
/c/en/foster_family	IsA	/c/en/family	2.0	0.007
/c/en/understanding	AtLocation	/c/en/family	2.0	-0.04
/c/en/fern_family	IsA	/c/en/family	2.0	0.034
/c/en/brother	PartOf	/c/en/family	2.0	0.282
/c/en/kinsfolk	Synonym	/c/en/family	2.0	0.504
/c/en/broken_home	IsA	/c/en/family	2.0	-0.065
/c/en/uncle	PartOf	/c/en/family	2.0	0.203
/c/en/family	HasContext	/c/en/biology	2.0	0.078
/c/en/bacteria_family	IsA	/c/en/family	2.0	-0.039
/c/en/family	IsA	/c/en/kin	2.0	0.509
/c/en/sept	Synonym	/c/en/family	2.0	0.135
/c/en/monocot_family	IsA	/c/en/family	2.0	0.144
/c/en/family	IsA	/c/en/unit	2.0	0.201
/c/en/phratry	Synonym	/c/en/family	2.0	0.571
/c/en/family_line	Synonym	/c/en/family	2.0	0.506
/c/en/form_family	IsA	/c/en/family	2.0	0.0
/c/en/couple	IsA	/c/en/family	2.0	0.105
/c/en/kinfolk	Synonym	/c/en/family	2.0	0.491
/c/en/worm_family	IsA	/c/en/family	2.0	-0.018
/c/en/family	HasContext	/c/en/biology	2.0	0.078
/c/en/family	Synonym	/c/en/syndicate	2.0	0.105
/c/en/grandma	PartOf	/c/en/family	2.0	0.217
/c/en/ctenophore_family	IsA	/c/en/family	2.0	0.173
/c/en/name	IsA	/c/en/family	2.0	0.068
/c/en/moss_family	IsA	/c/en/family	2.0	-0.054
/c/en/uncle	PartOf	/c/en/family	2.0	0.203
/c/en/menage	Synonym	/c/en/family	2.0	0.449
/c/en/family_unit	Synonym	/c/en/family	2.0	0.506
/c/en/fern_family	IsA	/c/en/family	2.0	0.034
/c/en/understanding	AtLocation	/c/en/family	2.0	-0.04
/c/en/brother	PartOf	/c/en/family	2.0	0.282
/c/en/fellowship	Synonym	/c/en/family	2.0	0.097
/c/en/family	IsA	/c/en/good_thing_to_have	2.0	-0.07
/c/en/endamoebidae	IsA	/c/en/family	2.0	0.116
/c/en/family	IsA	/c/en/association	2.0	0.172
/c/en/broken_home	IsA	/c/en/family	2.0	-0.065
/c/en/people	IsA	/c/en/family	2.0	0.152
/c/en/amphibian_family	IsA	/c/en/family	2.0	0.058
/c/en/panorpidae	IsA	/c/en/family	2.0	0.009
/c/en/arthropod_family	IsA	/c/en/family	2.0	0.17
/c/en/mammal_family	IsA	/c/en/family	2.0	0.088
/c/en/house	IsA	/c/en/family	2.0	0.284
/c/en/mollusk_family	IsA	/c/en/family	2.0	0.056
/c/en/home	Synonym	/c/en/family	2.0	0.346
/c/en/foster_family	IsA	/c/en/family	2.0	0.007
/c/en/chordate_family	IsA	/c/en/family	2.0	0.175
/c/en/family	AtLocation	/c/en/relatives_house	2.0	0.629
/c/en/family	Synonym	/c/en/kin	2.0	0.509
/c/en/family	IsA	/c/en/taxonomic_group	2.0	0.228
/c/en/coelenterate_family	IsA	/c/en/family	2.0	0.107
/c/en/nuclear_family	IsA	/c/en/family	2.0	-0.072
/c/en/family	IsA	/c/en/lineage	2.0	0.342
/c/en/family	RelatedTo	/c/en/brother	1.915	0.282
/c/en/family	RelatedTo	/c/en/mom_dad	1.67	0.908
/c/en/family	RelatedTo	/c/en/kids	1.649	0.212
/c/en/family	RelatedTo	/c/en/mother_father	1.6139999999999999	0.041
/c/en/father	RelatedTo	/c/en/family	1.604	0.35
/c/en/dad	RelatedTo	/c/en/family	1.5390000000000001	0.319
/c/en/royal	RelatedTo	/c/en/family	1.529	0.151
/c/en/family	RelatedTo	/c/en/sister	1.509	0.259
/c/en/family	RelatedTo	/c/en/kin	1.4500000000000002	0.509
/c/en/family	RelatedTo	/c/en/relations	1.275	0.111
/c/en/dog	RelatedTo	/c/en/family	1.241	0.053
/c/en/family	RelatedTo	/c/en/siblings	1.2389999999999999	0.402
/c/en/family	RelatedTo	/c/en/parents_children	1.153	0.411
/c/en/family	RelatedTo	/c/en/relative	1.08	0.236
/c/en/family	RelatedTo	/c/en/social	1.0709999999999997	0.147
/c/en/family	RelatedTo	/c/en/related_people	1.0019999999999998	0.052
/c/en/interfamily	RelatedTo	/c/en/family	1.0	-0.0
/c/en/ghost_catshark	RelatedTo	/c/en/family	1.0	-0.018
/c/en/tritonia	RelatedTo	/c/en/family	1.0	0.478
/c/en/protopterid	RelatedTo	/c/en/family	1.0	-0.002
/c/en/aristocratic_family_line	IsA	/c/en/family	1.0	0.215
/c/en/larine	RelatedTo	/c/en/family	1.0	0.007
/c/en/horsefish	RelatedTo	/c/en/family	1.0	0.008
/c/en/african_daisy	RelatedTo	/c/en/family	1.0	-0.053
/c/en/hedylid	RelatedTo	/c/en/family	1.0	-0.027
/c/en/wall_lizard	RelatedTo	/c/en/family	1.0	0.053
/c/en/foster_family	DerivedFrom	/c/en/family	1.0	0.007
/c/en/i_love_you	RelatedTo	/c/en/family	1.0	-0.006
/c/en/squirting_cucumber	RelatedTo	/c/en/family	1.0	0.037
/c/en/vireo	RelatedTo	/c/en/family	1.0	0.076
/c/en/melastomataceous	RelatedTo	/c/en/family	1.0	-0.084
/c/en/notocheirid	RelatedTo	/c/en/family	1.0	0.071
/c/en/cyematid	RelatedTo	/c/en/family	1.0	-0.018
/c/en/giant_panda	RelatedTo	/c/en/family	1.0	0.046
/c/en/madtom	RelatedTo	/c/en/family	1.0	0.058
/c/en/turpeth	RelatedTo	/c/en/family	1.0	0.06
/c/en/ornithorhynchid	RelatedTo	/c/en/family	1.0	0.023
/c/en/joint_family	DerivedFrom	/c/en/family	1.0	0.036
/c/en/odal	RelatedTo	/c/en/family	1.0	-0.048
/c/en/synodontid	RelatedTo	/c/en/family	1.0	0.066
/c/en/seadornavirus	RelatedTo	/c/en/family	1.0	0.002
/c/en/chilodontid	RelatedTo	/c/en/family	1.0	0.114
/c/en/pierine	RelatedTo	/c/en/family	1.0	0.073
/c/en/campanulaceous	RelatedTo	/c/en/family	1.0	0.02
/c/en/familiocracy	RelatedTo	/c/en/family	1.0	0.206
/c/en/dicroglossid	RelatedTo	/c/en/family	1.0	0.009
/c/en/schizaeaceous	RelatedTo	/c/en/family	1.0	0.108
/c/en/lamprophiid	RelatedTo	/c/en/family	1.0	0.06
/c/en/octodont	RelatedTo	/c/en/family	1.0	0.107
/c/en/aphredoderid	RelatedTo	/c/en/family	1.0	-0.085
/c/en/oplurid	RelatedTo	/c/en/family	1.0	-0.013
/c/en/bocavirus	RelatedTo	/c/en/family	1.0	0.034
/c/en/family_heirloom	DerivedFrom	/c/en/family	1.0	0.506
/c/en/patrilocal	RelatedTo	/c/en/family	1.0	0.38
/c/en/mom_cave	RelatedTo	/c/en/family	1.0	0.908
/c/en/caprimulgid	RelatedTo	/c/en/family	1.0	-0.009
/c/en/royal_family	IsA	/c/en/family	1.0	0.006
/c/en/barnavirus	RelatedTo	/c/en/family	1.0	-0.036
/c/en/leaf_insect	RelatedTo	/c/en/family	1.0	0.015
/c/en/euantennariaceous	RelatedTo	/c/en/family	1.0	-0.012
/c/en/family	CausesDesire	/c/en/buy_christmas_presents	1.0	0.011
/c/en/butterfly_ray	RelatedTo	/c/en/family	1.0	-0.127
/c/en/trogonid	RelatedTo	/c/en/family	1.0	0.081
/c/en/snow_partridge	RelatedTo	/c/en/family	1.0	0.037
/c/en/interosculant	RelatedTo	/c/en/family	1.0	-0.007
/c/en/momic	RelatedTo	/c/en/family	1.0	0.134
/c/en/family	RelatedTo	/c/en/classification	1.0	0.074
/c/en/culturagram	RelatedTo	/c/en/family	1.0	-0.004
/c/en/cliffrose	RelatedTo	/c/en/family	1.0	-0.055
/c/en/edwards_curve	RelatedTo	/c/en/family	1.0	0.053
/c/en/fictive_kin	RelatedTo	/c/en/family	1.0	0.094
/c/en/corytophanid	RelatedTo	/c/en/family	1.0	-0.061
/c/en/family	CapableOf	/c/en/spend_vacation_on_cruise	1.0	0.001
/c/en/ethylketazocine	RelatedTo	/c/en/family	1.0	0.032
/c/en/tiger_moth	RelatedTo	/c/en/family	1.0	0.148
/c/en/lampyrid	RelatedTo	/c/en/family	1.0	0.039
/c/en/paramyxovirus	RelatedTo	/c/en/family	1.0	0.338
/c/en/tanistry	RelatedTo	/c/en/family	1.0	0.096
/c/en/famous_for_being_famous	RelatedTo	/c/en/family	1.0	-0.035
/c/en/familyless	RelatedTo	/c/en/family	1.0	0.709
/c/en/family_circle	RelatedTo	/c/en/family	1.0	0.506
/c/en/generation	RelatedTo	/c/en/family	1.0	0.246
/c/en/odobenid	RelatedTo	/c/en/family	1.0	0.047
/c/en/sternoptychid	RelatedTo	/c/en/family	1.0	0.023
/c/en/pygopodid	RelatedTo	/c/en/family	1.0	0.002
/c/en/reef_crab	RelatedTo	/c/en/family	1.0	-0.027
/c/en/tropidurid	RelatedTo	/c/en/family	1.0	0.016
/c/en/fringilline	RelatedTo	/c/en/family	1.0	-0.002
/c/en/hollyhock	RelatedTo	/c/en/family	1.0	-0.048
/c/en/larid	RelatedTo	/c/en/family	1.0	0.007
/c/en/family	CapableOf	/c/en/include_no_children	1.0	0.085
/c/en/phasianid	RelatedTo	/c/en/family	1.0	0.008
/c/en/polemoniaceous	RelatedTo	/c/en/family	1.0	-0.015
/c/en/lestid	RelatedTo	/c/en/family	1.0	-0.049
/c/en/shieldtail	RelatedTo	/c/en/family	1.0	-0.0
/c/en/support	AtLocation	/c/en/family	1.0	0.093
/c/en/garbanzo	RelatedTo	/c/en/family	1.0	0.061
/c/en/soricine	RelatedTo	/c/en/family	1.0	0.021
/c/en/chamise	RelatedTo	/c/en/family	1.0	-0.077
/c/en/pecoma	RelatedTo	/c/en/family	1.0	-0.021
/c/en/gunnel	RelatedTo	/c/en/family	1.0	0.049
/c/en/rabbitbrush	RelatedTo	/c/en/family	1.0	-0.033
/c/en/indian_mulberry	RelatedTo	/c/en/family	1.0	-0.069
/c/en/vervain_mallow	RelatedTo	/c/en/family	1.0	0.036
/c/en/cousin	PartOf	/c/en/family	1.0	0.29
/c/en/arrowroot	RelatedTo	/c/en/family	1.0	0.038
/c/en/butterfly_ray	RelatedTo	/c/en/family	1.0	-0.127
/c/en/snow_partridge	RelatedTo	/c/en/family	1.0	0.037
/c/en/fictive_kin	RelatedTo	/c/en/family	1.0	0.094
/c/en/stomiid	RelatedTo	/c/en/family	1.0	0.09
/c/en/corytophanid	RelatedTo	/c/en/family	1.0	-0.061
/c/en/enate	RelatedTo	/c/en/family	1.0	-0.025
/c/en/lastborn	RelatedTo	/c/en/family	1.0	-0.035
/c/en/family	CapableOf	/c/en/include_no_children	1.0	0.085
/c/en/antpipit	RelatedTo	/c/en/family	1.0	-0.02
/c/en/family	CapableOf	/c/en/spend_vacation_on_cruise	1.0	0.001
/c/en/darkling_beetle	RelatedTo	/c/en/family	1.0	-0.002
/c/en/bovine	RelatedTo	/c/en/family	1.0	-0.042
/c/en/passifloraceous	RelatedTo	/c/en/family	1.0	0.072
/c/en/ethylketazocine	RelatedTo	/c/en/family	1.0	0.032
/c/en/shieldtail	RelatedTo	/c/en/family	1.0	-0.0
/c/en/synaptotagmin	RelatedTo	/c/en/family	1.0	0.038
/c/en/spinetail	RelatedTo	/c/en/family	1.0	-0.042
/c/en/tiger_moth	RelatedTo	/c/en/family	1.0	0.148
/c/en/garbanzo	RelatedTo	/c/en/family	1.0	0.061
/c/en/family_romance	RelatedTo	/c/en/family	1.0	0.472
/c/en/eleotrid	RelatedTo	/c/en/family	1.0	0.019
/c/en/flathead	RelatedTo	/c/en/family	1.0	0.051
/c/en/driftfish	RelatedTo	/c/en/family	1.0	0.037
/c/en/sphaeropsidaceous	RelatedTo	/c/en/family	1.0	-0.05
/c/en/water_scorpion	RelatedTo	/c/en/family	1.0	-0.025
/c/en/plum_pine	RelatedTo	/c/en/family	1.0	0.068
/c/en/ceratodontid	RelatedTo	/c/en/family	1.0	0.074
/c/en/pecoma	RelatedTo	/c/en/family	1.0	-0.021
/c/en/wife_taker	RelatedTo	/c/en/family	1.0	0.046
/c/en/lilywort	RelatedTo	/c/en/family	1.0	-0.032
/c/en/merfamily	RelatedTo	/c/en/family	1.0	-0.001
/c/en/family_grouping	RelatedTo	/c/en/family	1.0	0.213
/c/en/prairie_clover	RelatedTo	/c/en/family	1.0	-0.085
/c/en/pyrrhocorid	RelatedTo	/c/en/family	1.0	-0.072
/c/en/urushiol	RelatedTo	/c/en/family	1.0	0.047
/c/en/blowfish	RelatedTo	/c/en/family	1.0	0.061
/c/en/scatophagid	RelatedTo	/c/en/family	1.0	0.003
/c/en/houting	RelatedTo	/c/en/family	1.0	0.053
/c/en/notonectid	RelatedTo	/c/en/family	1.0	-0.0
/c/en/phocid	RelatedTo	/c/en/family	1.0	-0.017
/c/en/latrunculin	RelatedTo	/c/en/family	1.0	0.095
/c/en/scaroid	RelatedTo	/c/en/family	1.0	-0.04
/c/en/scopelarchid	RelatedTo	/c/en/family	1.0	0.021
/c/en/neice	PartOf	/c/en/family	1.0	0.577
/c/en/leaf_footed_bug	RelatedTo	/c/en/family	1.0	0.015
/c/en/language_family	DerivedFrom	/c/en/family	1.0	-0.116
/c/en/tetrigid	RelatedTo	/c/en/family	1.0	0.012
/c/en/cyclorphan	RelatedTo	/c/en/family	1.0	-0.024
/c/en/bronze_featherback	RelatedTo	/c/en/family	1.0	-0.108
/c/en/vireo	RelatedTo	/c/en/family	1.0	0.076
/c/en/polypterid	RelatedTo	/c/en/family	1.0	-0.036
/c/en/ensete	RelatedTo	/c/en/family	1.0	0.092
/c/en/wart_snake	RelatedTo	/c/en/family	1.0	0.046
/c/en/horsefly	RelatedTo	/c/en/family	1.0	0.063
/c/en/phylloscopid	RelatedTo	/c/en/family	1.0	0.003
/c/en/guinea_pig	RelatedTo	/c/en/family	1.0	0.002
/c/en/hymenophyllaceous	RelatedTo	/c/en/family	1.0	0.211
/c/en/crisis_actor	RelatedTo	/c/en/family	1.0	0.118
/c/en/spider_mite	RelatedTo	/c/en/family	1.0	0.198
/c/en/block_design	RelatedTo	/c/en/family	1.0	-0.003
/c/en/clinid	RelatedTo	/c/en/family	1.0	0.023
/c/en/pilotweed	RelatedTo	/c/en/family	1.0	-0.007
/c/en/epifamily	RelatedTo	/c/en/family	1.0	-0.001
/c/en/rosy_feather_star	RelatedTo	/c/en/family	1.0	-0.045
/c/en/alien	RelatedTo	/c/en/family	1.0	-0.033
/c/en/goldeneye	RelatedTo	/c/en/family	1.0	-0.065
/c/en/family_member	DerivedFrom	/c/en/family	1.0	0.506
/c/en/rockcress	RelatedTo	/c/en/family	1.0	0.04
/c/en/family	IsA	/c/en/family_unit	1.0	0.506
/c/en/colicroot	RelatedTo	/c/en/family	1.0	0.046
/c/en/buntingi	RelatedTo	/c/en/family	1.0	0.011
/c/en/nonfamily	DerivedFrom	/c/en/family	1.0	-0.026
/c/en/superfamily	RelatedTo	/c/en/family	1.0	0.468
/c/en/forficulid	RelatedTo	/c/en/family	1.0	0.02
/c/en/cruciferous	RelatedTo	/c/en/family	1.0	0.238
/c/en/family_rebel	DerivedFrom	/c/en/family	1.0	0.472
/c/en/fingernail_clam	RelatedTo	/c/en/family	1.0	-0.028
/c/en/swinepox	RelatedTo	/c/en/family	1.0	0.083
/c/en/family	RelatedTo	/c/en/characteristics	1.0	0.072
/c/en/gatekeeper	RelatedTo	/c/en/family	1.0	-0.01
/c/en/unkindredly	RelatedTo	/c/en/family	1.0	-0.093
/c/en/private_life	RelatedTo	/c/en/family	1.0	0.027
/c/en/namus	RelatedTo	/c/en/family	1.0	-0.068
/c/en/royal_family	RelatedTo	/c/en/family	1.0	0.006
/c/en/wu	RelatedTo	/c/en/family	1.0	0.014
/c/en/pagoda_tree	RelatedTo	/c/en/family	1.0	-0.04
/c/en/kin	RelatedTo	/c/en/family	1.0	0.509
/c/en/cettiid	RelatedTo	/c/en/family	1.0	0.039
/c/en/hanover	RelatedTo	/c/en/family	1.0	0.03
/c/en/eublepharid	RelatedTo	/c/en/family	1.0	-0.007
/c/en/wolf_herring	RelatedTo	/c/en/family	1.0	0.262
/c/en/pinecone_fish	RelatedTo	/c/en/family	1.0	0.065
/c/en/macrofamily	DerivedFrom	/c/en/family	1.0	-0.015
/c/en/low_income_family	IsA	/c/en/family	1.0	-0.02
/c/en/maltese_cross	RelatedTo	/c/en/family	1.0	0.031
/c/en/kolakoski_sequence	RelatedTo	/c/en/family	1.0	-0.032
/c/en/isis	RelatedTo	/c/en/family	1.0	0.008
/c/en/soapwood	RelatedTo	/c/en/family	1.0	-0.092
/c/en/zephyr_lily	RelatedTo	/c/en/family	1.0	0.001
/c/en/familyless	DerivedFrom	/c/en/family	1.0	0.709
/c/en/stag_beetle	RelatedTo	/c/en/family	1.0	-0.048
/c/en/macrofamily	DerivedFrom	/c/en/family	1.0	-0.015
/c/en/low_income_family	IsA	/c/en/family	1.0	-0.02
/c/en/family	RelatedTo	/c/en/things	1.0	-0.053
/c/en/carp_louse	RelatedTo	/c/en/family	1.0	0.085
/c/en/tayassuid	RelatedTo	/c/en/family	1.0	0.071
/c/en/zantedeschia	RelatedTo	/c/en/family	1.0	0.067
/c/en/eublepharid	RelatedTo	/c/en/family	1.0	-0.007
/c/en/family	CapableOf	/c/en/include_two_children	1.0	0.085
/c/en/tomoe	RelatedTo	/c/en/family	1.0	0.221
/c/en/profamily	RelatedTo	/c/en/family	1.0	0.058
/c/en/high_income_family	IsA	/c/en/family	1.0	0.018
/c/en/monic	RelatedTo	/c/en/family	1.0	0.113
/c/en/royal_family	DerivedFrom	/c/en/family	1.0	0.006
/c/en/unkindredly	RelatedTo	/c/en/family	1.0	-0.093
/c/en/family	IsA	/c/en/people	1.0	0.152
/c/en/cettiid	RelatedTo	/c/en/family	1.0	0.039
/c/en/isis	RelatedTo	/c/en/family	1.0	0.008
/c/en/foumart	RelatedTo	/c/en/family	1.0	0.05
/c/en/soapwood	RelatedTo	/c/en/family	1.0	-0.092
/c/en/human	AtLocation	/c/en/family	1.0	0.045
/c/en/kolakoski_sequence	RelatedTo	/c/en/family	1.0	-0.032
/c/en/superfamily	RelatedTo	/c/en/family	1.0	0.468
/c/en/bastard_toadflax	RelatedTo	/c/en/family	1.0	0.082
/c/en/rhinocerotid	RelatedTo	/c/en/family	1.0	-0.098
/c/en/mackerel_pike	RelatedTo	/c/en/family	1.0	-0.002
/c/en/in_laws	RelatedTo	/c/en/family	1.0	0.267
/c/en/lysergol	RelatedTo	/c/en/family	1.0	0.05
/c/en/jacanid	RelatedTo	/c/en/family	1.0	0.017
/c/en/seagull	RelatedTo	/c/en/family	1.0	-0.021
/c/en/megatheroid	RelatedTo	/c/en/family	1.0	0.168
/c/en/syngnathid	RelatedTo	/c/en/family	1.0	-0.032
/c/en/alien	RelatedTo	/c/en/family	1.0	-0.033
/c/en/geno	RelatedTo	/c/en/family	1.0	0.084
/c/en/zaprorid	RelatedTo	/c/en/family	1.0	0.02
/c/en/familyish	DerivedFrom	/c/en/family	1.0	0.709
/c/en/fowlpox	RelatedTo	/c/en/family	1.0	-0.031
/c/en/family_tree	DerivedFrom	/c/en/family	1.0	0.078
/c/en/zephyr_lily	RelatedTo	/c/en/family	1.0	0.001
/c/en/royalism	RelatedTo	/c/en/family	1.0	0.078
/c/en/slickhead	RelatedTo	/c/en/family	1.0	-0.062
/c/en/familyless	DerivedFrom	/c/en/family	1.0	0.709
/c/en/rule_roost	RelatedTo	/c/en/family	1.0	-0.042
/c/en/family	CapableOf	/c/en/plan_to_go_on_vacation	1.0	-0.137
/c/en/galeopithecid	RelatedTo	/c/en/family	1.0	0.141
/c/en/solanderiid	RelatedTo	/c/en/family	1.0	0.059
/c/en/tenrec	RelatedTo	/c/en/family	1.0	0.041
/c/en/motmot	RelatedTo	/c/en/family	1.0	0.384
/c/en/galaxiid	RelatedTo	/c/en/family	1.0	0.089
/c/en/baby_of_family	DerivedFrom	/c/en/family	1.0	0.09
/c/en/tayassuid	RelatedTo	/c/en/family	1.0	0.071
/c/en/family_name	DerivedFrom	/c/en/family	1.0	0.506
/c/en/family	RelatedTo	/c/en/adoption	1.0	0.103
/c/en/hardgrass	RelatedTo	/c/en/family	1.0	0.033
/c/en/isis	RelatedTo	/c/en/family	1.0	0.008
/c/en/black_throated_diver	RelatedTo	/c/en/family	1.0	0.032
/c/en/megalocytivirus	RelatedTo	/c/en/family	1.0	0.036
/c/en/knifejaw	RelatedTo	/c/en/family	1.0	-0.013
/c/en/tropidurid	RelatedTo	/c/en/family	1.0	0.016
/c/en/felid	RelatedTo	/c/en/family	1.0	0.149
/c/en/opossum	RelatedTo	/c/en/family	1.0	0.14
/c/en/reef_crab	RelatedTo	/c/en/family	1.0	-0.027
/c/en/family	CapableOf	/c/en/include_more_than_related_people	1.0	0.085
/c/en/gbe	RelatedTo	/c/en/family	1.0	0.158
/c/en/cisticolid	RelatedTo	/c/en/family	1.0	-0.027
/c/en/toktokkie	RelatedTo	/c/en/family	1.0	0.022
/c/en/soapwood	RelatedTo	/c/en/family	1.0	-0.092
/c/en/monognathid	RelatedTo	/c/en/family	1.0	0.144
/c/en/family	RelatedTo	/c/en/things	1.0	-0.053
/c/en/cynocephalid	RelatedTo	/c/en/family	1.0	0.024
/c/en/zephyr_lily	RelatedTo	/c/en/family	1.0	0.001
/c/en/white_bass	RelatedTo	/c/en/family	1.0	0.008
/c/en/apid	RelatedTo	/c/en/family	1.0	0.007
/c/en/citharinid	RelatedTo	/c/en/family	1.0	0.002
/c/en/gesneria	RelatedTo	/c/en/family	1.0	0.032
/c/en/sei_whale	RelatedTo	/c/en/family	1.0	0.216
/c/en/veliferid	RelatedTo	/c/en/family	1.0	0.051
/c/en/familyless	DerivedFrom	/c/en/family	1.0	0.709
/c/en/rule_roost	RelatedTo	/c/en/family	1.0	-0.042
/c/en/family	CapableOf	/c/en/farm_potatoes	1.0	0.158
/c/en/nut_clam	RelatedTo	/c/en/family	1.0	0.028
/c/en/gymnarthrid	RelatedTo	/c/en/family	1.0	-0.0
/c/en/galeopithecid	RelatedTo	/c/en/family	1.0	0.141
/c/en/tiliaceous	RelatedTo	/c/en/family	1.0	0.029
/c/en/lamprey	RelatedTo	/c/en/family	1.0	0.122
/c/en/levirate_marriage	RelatedTo	/c/en/family	1.0	0.246
/c/en/osteoglossid	RelatedTo	/c/en/family	1.0	0.021
/c/en/homestay	RelatedTo	/c/en/family	1.0	0.204
/c/en/trembler	RelatedTo	/c/en/family	1.0	0.112
/c/en/koseki	RelatedTo	/c/en/family	1.0	0.34
/c/en/wattlebird	RelatedTo	/c/en/family	1.0	0.025
/c/en/familylike	DerivedFrom	/c/en/family	1.0	0.709
/c/en/kikumon	RelatedTo	/c/en/family	1.0	0.077
/c/en/morwong	RelatedTo	/c/en/family	1.0	0.029
/c/en/recurvirostrid	RelatedTo	/c/en/family	1.0	-0.091
/c/en/pupfish	RelatedTo	/c/en/family	1.0	0.325
/c/en/sigillarid	RelatedTo	/c/en/family	1.0	0.088
/c/en/micromoth	RelatedTo	/c/en/family	1.0	0.017
/c/en/nodosaurid	RelatedTo	/c/en/family	1.0	-0.037
/c/en/family	RelatedTo	/c/en/organism	1.0	0.036
/c/en/duckweed	RelatedTo	/c/en/family	1.0	0.059
/c/en/wattlebird	RelatedTo	/c/en/family	1.0	0.025
/c/en/gousiektebossie	RelatedTo	/c/en/family	1.0	0.021
/c/en/flat_bug	RelatedTo	/c/en/family	1.0	-0.01
/c/en/ally	RelatedTo	/c/en/family	1.0	0.027
/c/en/melanconiaceous	RelatedTo	/c/en/family	1.0	0.098
/c/en/apache_plume	RelatedTo	/c/en/family	1.0	0.048
/c/en/hemigordiopsid	RelatedTo	/c/en/family	1.0	0.005
/c/en/fuchsia	RelatedTo	/c/en/family	1.0	0.024
/c/en/pampatheriid	RelatedTo	/c/en/family	1.0	-0.019
/c/en/genearch	RelatedTo	/c/en/family	1.0	0.353
/c/en/speckled_footman	RelatedTo	/c/en/family	1.0	-0.016
/c/en/psychid	RelatedTo	/c/en/family	1.0	0.034
/c/en/burseraceous	RelatedTo	/c/en/family	1.0	0.008
/c/en/nodosaurid	RelatedTo	/c/en/family	1.0	-0.037
/c/en/caprimulgid	RelatedTo	/c/en/family	1.0	-0.009
/c/en/choisya	RelatedTo	/c/en/family	1.0	0.022
/c/en/cyprinodont	RelatedTo	/c/en/family	1.0	0.207
/c/en/weevil	RelatedTo	/c/en/family	1.0	0.068
/c/en/fambly	RelatedTo	/c/en/family	1.0	0.732
/c/en/sciaenoid	RelatedTo	/c/en/family	1.0	0.038
/c/en/family	CapableOf	/c/en/visit_city_on_vacatio	1.0	0.012
/c/en/felicia	RelatedTo	/c/en/family	1.0	0.191
/c/en/section	RelatedTo	/c/en/family	1.0	0.05
/c/en/tapegrass	RelatedTo	/c/en/family	1.0	-0.042
/c/en/flower_of_jove	RelatedTo	/c/en/family	1.0	-0.068
/c/en/glomerid	RelatedTo	/c/en/family	1.0	-0.048
/c/en/potexvirus	RelatedTo	/c/en/family	1.0	0.056
/c/en/brass	Synonym	/c/en/family	1.0	-0.106
/c/en/mahoe	RelatedTo	/c/en/family	1.0	0.058
/c/en/nepid	RelatedTo	/c/en/family	1.0	0.053
/c/en/civil_society	RelatedTo	/c/en/family	1.0	0.018
/c/en/phalangerid	RelatedTo	/c/en/family	1.0	0.076
/c/en/mesodesmatid	RelatedTo	/c/en/family	1.0	-0.072
/c/en/youthman	RelatedTo	/c/en/family	1.0	-0.041
/c/en/panchax	RelatedTo	/c/en/family	1.0	0.02
/c/en/bearded_mountaineer	RelatedTo	/c/en/family	1.0	0.029
/c/en/blue_whiting	RelatedTo	/c/en/family	1.0	0.024
/c/en/tampan	RelatedTo	/c/en/family	1.0	0.012
/c/en/fraxinella	RelatedTo	/c/en/family	1.0	0.082
/c/en/pettychaps	RelatedTo	/c/en/family	1.0	-0.004
/c/en/megachilid	RelatedTo	/c/en/family	1.0	0.093
/c/en/middleborn	RelatedTo	/c/en/family	1.0	0.023
/c/en/choice_function	RelatedTo	/c/en/family	1.0	0.023
/c/en/cottage_home	RelatedTo	/c/en/family	1.0	-0.054
/c/en/ankyrin	RelatedTo	/c/en/family	1.0	0.196
/c/en/driftfish	RelatedTo	/c/en/family	1.0	0.037
/c/en/mother_heroine	RelatedTo	/c/en/family	1.0	0.041
/c/en/profamily	DerivedFrom	/c/en/family	1.0	0.058
/c/en/garpike	RelatedTo	/c/en/family	1.0	-0.015
/c/en/squirrelfish	RelatedTo	/c/en/family	1.0	0.083
/c/en/water_scorpion	RelatedTo	/c/en/family	1.0	-0.025
/c/en/yeniseian	RelatedTo	/c/en/family	1.0	-0.099
/c/en/angel_shark	RelatedTo	/c/en/family	1.0	-0.047
/c/en/ceratodontid	RelatedTo	/c/en/family	1.0	0.074
/c/en/bredrin	RelatedTo	/c/en/family	1.0	0.237
/c/en/piesmatid	RelatedTo	/c/en/family	1.0	0.072
/c/en/water_measurer	RelatedTo	/c/en/family	1.0	0.088
/c/en/scad	RelatedTo	/c/en/family	1.0	0.015
/c/en/plantcutter	RelatedTo	/c/en/family	1.0	0.092
/c/en/fambly	RelatedTo	/c/en/family	1.0	0.732
/c/en/anniellid	RelatedTo	/c/en/family	1.0	-0.023
/c/en/tubeshoulder	RelatedTo	/c/en/family	1.0	-0.031
/c/en/zeid	RelatedTo	/c/en/family	1.0	0.586
/c/en/nepid	RelatedTo	/c/en/family	1.0	0.053
/c/en/azhdarchid	RelatedTo	/c/en/family	1.0	0.061
/c/en/choisya	RelatedTo	/c/en/family	1.0	0.022
/c/en/babenberg	RelatedTo	/c/en/family	1.0	-0.008
/c/en/brood	RelatedTo	/c/en/family	1.0	0.185
/c/en/weevil	RelatedTo	/c/en/family	1.0	0.068
/c/en/tampan	RelatedTo	/c/en/family	1.0	0.012
/c/en/dendrobatid	RelatedTo	/c/en/family	1.0	0.051
/c/en/solamargine	RelatedTo	/c/en/family	1.0	0.018
/c/en/leguminous	RelatedTo	/c/en/family	1.0	0.131
/c/en/flavagline	RelatedTo	/c/en/family	1.0	0.015
/c/en/spirobolid	RelatedTo	/c/en/family	1.0	-0.037
/c/en/anthracoptilid	RelatedTo	/c/en/family	1.0	-0.022
/c/en/paradisaeid	RelatedTo	/c/en/family	1.0	-0.019
/c/en/clergywoman	RelatedTo	/c/en/family	1.0	0.07
/c/en/familied	DerivedFrom	/c/en/family	1.0	0.685
/c/en/scincoidian	RelatedTo	/c/en/family	1.0	-0.025
/c/en/old_world_flycatcher	RelatedTo	/c/en/family	1.0	0.008
/c/en/polyplacid	RelatedTo	/c/en/family	1.0	0.067
/c/en/solitaire	RelatedTo	/c/en/family	1.0	0.078
/c/en/auk	RelatedTo	/c/en/family	1.0	-0.034
/c/en/pareiasaur	RelatedTo	/c/en/family	1.0	-0.127
/c/en/hydrophilid	RelatedTo	/c/en/family	1.0	0.055
/c/en/poly	RelatedTo	/c/en/family	1.0	0.048
/c/en/citrus	RelatedTo	/c/en/family	1.0	0.08
/c/en/aotid	RelatedTo	/c/en/family	1.0	-0.002
/c/en/leaf_footed_bug	RelatedTo	/c/en/family	1.0	0.015
/c/en/isognomonid	RelatedTo	/c/en/family	1.0	0.072
/c/en/asity	RelatedTo	/c/en/family	1.0	0.062
/c/en/ichnofamily	DerivedFrom	/c/en/family	1.0	0.26
/c/en/fairywren	RelatedTo	/c/en/family	1.0	-0.023
/c/en/boid	RelatedTo	/c/en/family	1.0	0.336
/c/en/line	RelatedTo	/c/en/family	1.0	0.177
/c/en/triton	RelatedTo	/c/en/family	1.0	0.028
/c/en/mudminnow	RelatedTo	/c/en/family	1.0	0.107
/c/en/bronze_featherback	RelatedTo	/c/en/family	1.0	-0.108
/c/en/phalaenid	RelatedTo	/c/en/family	1.0	0.054
/c/en/ankylosaurid	RelatedTo	/c/en/family	1.0	0.013
/c/en/plume_poppy	RelatedTo	/c/en/family	1.0	0.029
/c/en/polypterid	RelatedTo	/c/en/family	1.0	-0.036
/c/en/laroid	RelatedTo	/c/en/family	1.0	-0.015
/c/en/framily	DerivedFrom	/c/en/family	1.0	0.807
/c/en/onlyborn	RelatedTo	/c/en/family	1.0	-0.028
/c/en/chukotko_kamchatkan	RelatedTo	/c/en/family	1.0	-0.055
/c/en/hatchetfish	RelatedTo	/c/en/family	1.0	0.031
/c/en/affinal	HasContext	/c/en/family	1.0	0.186
/c/en/desmodium	RelatedTo	/c/en/family	1.0	0.294
/c/en/family	CapableOf	/c/en/share_meal	1.0	0.13
/c/en/melanian	RelatedTo	/c/en/family	1.0	-0.097
/c/en/machlomovirus	RelatedTo	/c/en/family	1.0	0.065
/c/en/palm_tree	RelatedTo	/c/en/family	1.0	0.116
/c/en/intimacy	AtLocation	/c/en/family	1.0	0.125
/c/en/crenuchid	RelatedTo	/c/en/family	1.0	0.028
/c/en/ghost_frog	RelatedTo	/c/en/family	1.0	-0.018
/c/en/lares	RelatedTo	/c/en/family	1.0	0.205
/c/en/family	RelatedTo	/c/en/ancestral	1.0	0.347
/c/en/rose_acacia	RelatedTo	/c/en/family	1.0	-0.048
/c/en/familistery	RelatedTo	/c/en/family	1.0	0.206
/c/en/family	AtLocation	/c/en/friend's_wedding	1.0	0.249
/c/en/estrildid	RelatedTo	/c/en/family	1.0	-0.096
/c/en/family_medicine	DerivedFrom	/c/en/family	1.0	0.506
/c/en/musophagid	RelatedTo	/c/en/family	1.0	0.008
/c/en/parent	IsA	/c/en/family	1.0	0.318
/c/en/daisy	RelatedTo	/c/en/family	1.0	0.051
/c/en/cardinalfish	RelatedTo	/c/en/family	1.0	-0.008
/c/en/octodontid	RelatedTo	/c/en/family	1.0	0.107
/c/en/saprolegniaceous	RelatedTo	/c/en/family	1.0	0.015
/c/en/bloodberry	RelatedTo	/c/en/family	1.0	-0.009
/c/en/family	RelatedTo	/c/en/familial	1.0	0.617
/c/en/scolopacid	RelatedTo	/c/en/family	1.0	0.051
/c/en/chelodid	RelatedTo	/c/en/family	1.0	0.174
/c/en/subsection	RelatedTo	/c/en/family	1.0	0.025
/c/en/carangoid	RelatedTo	/c/en/family	1.0	0.093
/c/en/mortgage_belt	RelatedTo	/c/en/family	1.0	-0.016
/c/en/nicker_bean	RelatedTo	/c/en/family	1.0	0.009
/c/en/chukotan	RelatedTo	/c/en/family	1.0	-0.055
/c/en/galtonia	RelatedTo	/c/en/family	1.0	-0.039
/c/en/head_of_household	AtLocation	/c/en/family	1.0	-0.002
/c/en/family	RelatedTo	/c/en/immediate_family	1.0	0.1
/c/en/yellowtail_barracuda	RelatedTo	/c/en/family	1.0	0.074
/c/en/family	HasContext	/c/en/music	1.0	0.032
/c/en/gonostomatid	RelatedTo	/c/en/family	1.0	-0.061
/c/en/anthia	RelatedTo	/c/en/family	1.0	0.314
/c/en/vertaline	RelatedTo	/c/en/family	1.0	0.047
/c/en/snap_beetle	RelatedTo	/c/en/family	1.0	0.056
/c/en/hominid	RelatedTo	/c/en/family	1.0	0.09
/c/en/yellowtail_barracuda	RelatedTo	/c/en/family	1.0	0.074
/c/en/dioscoreaceous	RelatedTo	/c/en/family	1.0	0.082
/c/en/mortgage_belt	RelatedTo	/c/en/family	1.0	-0.016
/c/en/teraglin	RelatedTo	/c/en/family	1.0	0.054
/c/en/latimerid	RelatedTo	/c/en/family	1.0	0.075
/c/en/family	HasContext	/c/en/music	1.0	0.032
/c/en/neoregelia	RelatedTo	/c/en/family	1.0	-0.005
/c/en/you_never_know_what_you've_got_till_it's_gone	RelatedTo	/c/en/family	1.0	0.001
/c/en/gonostomatid	RelatedTo	/c/en/family	1.0	-0.061
/c/en/anthia	RelatedTo	/c/en/family	1.0	0.314
/c/en/trite	RelatedTo	/c/en/family	1.0	0.017
/c/en/grass	RelatedTo	/c/en/family	1.0	-0.056
/c/en/vertaline	RelatedTo	/c/en/family	1.0	0.047
/c/en/people	RelatedTo	/c/en/family	1.0	0.152
/c/en/glossinid	RelatedTo	/c/en/family	1.0	-0.045
/c/en/trachichthyid	RelatedTo	/c/en/family	1.0	0.035
/c/en/family_business	DerivedFrom	/c/en/family	1.0	0.506
/c/en/family_planning	DerivedFrom	/c/en/family	1.0	0.506
/c/en/musophagid	RelatedTo	/c/en/family	1.0	0.008
/c/en/cardinalfish	RelatedTo	/c/en/family	1.0	-0.008
/c/en/nodosaur	RelatedTo	/c/en/family	1.0	-0.037
/c/en/cadency	RelatedTo	/c/en/family	1.0	0.027
/c/en/waterwort	RelatedTo	/c/en/family	1.0	0.022
/c/en/second_wave_feminism	RelatedTo	/c/en/family	1.0	-0.094
/c/en/snap_beetle	RelatedTo	/c/en/family	1.0	0.056
/c/en/bromeliaceous	RelatedTo	/c/en/family	1.0	0.475
/c/en/solenacean	RelatedTo	/c/en/family	1.0	0.045
/c/en/bully_tree	RelatedTo	/c/en/family	1.0	-0.022
/c/en/family	RelatedTo	/c/en/ancestral	1.0	0.347
/c/en/mormyrid	RelatedTo	/c/en/family	1.0	0.11
/c/en/leaf_nosed_bat	RelatedTo	/c/en/family	1.0	0.015
/c/en/family	IsA	/c/en/common_subject_for_painting	1.0	0.0
/c/en/boid	RelatedTo	/c/en/family	1.0	0.336
/c/en/dibamid	RelatedTo	/c/en/family	1.0	0.093
/c/en/family_car	DerivedFrom	/c/en/family	1.0	0.506
/c/en/rose_acacia	RelatedTo	/c/en/family	1.0	-0.048
/c/en/pornocracy	RelatedTo	/c/en/family	1.0	0.043
/c/en/lymantriid	RelatedTo	/c/en/family	1.0	0.049
/c/en/honeysuckle	RelatedTo	/c/en/family	1.0	0.031
/c/en/calicivirus	RelatedTo	/c/en/family	1.0	0.218
/c/en/cover	RelatedTo	/c/en/family	1.0	-0.026
/c/en/blended_family	DerivedFrom	/c/en/family	1.0	-0.085
/c/en/oofamily	RelatedTo	/c/en/family	1.0	-0.002
/c/en/moss_frog	RelatedTo	/c/en/family	1.0	-0.054
/c/en/semon's_leaf_nosed_bat	RelatedTo	/c/en/family	1.0	0.109
/c/en/hebrid	RelatedTo	/c/en/family	1.0	-0.006
/c/en/familistery	RelatedTo	/c/en/family	1.0	0.206
/c/en/galeopithecid	RelatedTo	/c/en/family	1.0	0.141
/c/en/zephyr_lily	RelatedTo	/c/en/family	1.0	0.001
/c/en/family	CapableOf	/c/en/arriving_at_home	1.0	0.009
/c/en/megalograptid	RelatedTo	/c/en/family	1.0	0.036
/c/en/family	RelatedTo	/c/en/common	1.0	0.101
/c/en/leaf_hopper	RelatedTo	/c/en/family	1.0	0.015
/c/en/you_and_yours	RelatedTo	/c/en/family	1.0	-0.003
/c/en/veliid	RelatedTo	/c/en/family	1.0	0.051
/c/en/vermetus	RelatedTo	/c/en/family	1.0	-0.028
/c/en/stag_beetle	RelatedTo	/c/en/family	1.0	-0.048
/c/en/ageratum	RelatedTo	/c/en/family	1.0	0.112
/c/en/vertaline	RelatedTo	/c/en/family	1.0	0.047
/c/en/dadpreneur	RelatedTo	/c/en/family	1.0	0.192
/c/en/snap_beetle	RelatedTo	/c/en/family	1.0	0.056
/c/en/scotch_thistle	RelatedTo	/c/en/family	1.0	0.003
/c/en/solenacean	RelatedTo	/c/en/family	1.0	0.045
/c/en/conid	RelatedTo	/c/en/family	1.0	-0.076
/c/en/family	CapableOf	/c/en/share_food_with_needy_people	1.0	0.13
/c/en/phymatid	RelatedTo	/c/en/family	1.0	0.16
/c/en/interfamilial	RelatedTo	/c/en/family	1.0	-0.0
/c/en/acanthurid	RelatedTo	/c/en/family	1.0	0.041
/c/en/musk_ox	RelatedTo	/c/en/family	1.0	0.013
/c/en/family	CapableOf	/c/en/include_two_children	1.0	0.085
/c/en/ulmaceous	RelatedTo	/c/en/family	1.0	-0.012
/c/en/armadillidiid	RelatedTo	/c/en/family	1.0	0.068
/c/en/bothriurid	RelatedTo	/c/en/family	1.0	0.106
/c/en/night_lizard	RelatedTo	/c/en/family	1.0	0.029
/c/en/seerfish	RelatedTo	/c/en/family	1.0	-0.039
/c/en/cover	RelatedTo	/c/en/family	1.0	-0.026
/c/en/family	RelatedTo	/c/en/familicide	1.0	0.206
/c/en/lamprid	RelatedTo	/c/en/family	1.0	0.136
/c/en/grandfather	PartOf	/c/en/family	1.0	0.249
/c/en/pacific_diver	RelatedTo	/c/en/family	1.0	-0.026
/c/en/paterfamilias	RelatedTo	/c/en/family	1.0	0.453
/c/en/scorpionfish	RelatedTo	/c/en/family	1.0	0.121
/c/en/creeping_water_bug	RelatedTo	/c/en/family	1.0	0.021
/c/en/postfamilial	RelatedTo	/c/en/family	1.0	-0.016
/c/en/sea_lion	RelatedTo	/c/en/family	1.0	-0.032
/c/en/windowpane_oyster	RelatedTo	/c/en/family	1.0	0.06
/c/en/blended_family	DerivedFrom	/c/en/family	1.0	-0.085
/c/en/fruit_fly	RelatedTo	/c/en/family	1.0	0.088
/c/en/campanularid	RelatedTo	/c/en/family	1.0	0.02
/c/en/mitomycin	RelatedTo	/c/en/family	1.0	0.145
/c/en/moss_frog	RelatedTo	/c/en/family	1.0	-0.054
/c/en/uniruled	RelatedTo	/c/en/family	1.0	-0.06
/c/en/linsang	RelatedTo	/c/en/family	1.0	0.037
/c/en/tingid	RelatedTo	/c/en/family	1.0	0.028
/c/en/wedgefish	RelatedTo	/c/en/family	1.0	0.007
/c/en/family	PartOf	/c/en/order	1.0	0.017
/c/en/unique_headed_bug	RelatedTo	/c/en/family	1.0	-0.017
/c/en/lomentariaceous	RelatedTo	/c/en/family	1.0	-0.133
/c/en/ostracean	RelatedTo	/c/en/family	1.0	0.118
/c/en/in_family_way	DerivedFrom	/c/en/family	1.0	-0.08
/c/en/unifamilial	RelatedTo	/c/en/family	1.0	0.065
/c/en/jerboa	RelatedTo	/c/en/family	1.0	0.072
/c/en/filariid	RelatedTo	/c/en/family	1.0	-0.063
/c/en/puffbird	RelatedTo	/c/en/family	1.0	-0.031
/c/en/in_laws	RelatedTo	/c/en/family	1.0	0.267
/c/en/gold_of_pleasure	RelatedTo	/c/en/family	1.0	-0.093
/c/en/lepodactylid	RelatedTo	/c/en/family	1.0	-0.021
/c/en/emyd	RelatedTo	/c/en/family	1.0	0.019
/c/en/ridgehead	RelatedTo	/c/en/family	1.0	0.018
/c/en/togavirus	RelatedTo	/c/en/family	1.0	0.052
/c/en/scutellerid	RelatedTo	/c/en/family	1.0	0.044
/c/en/family	CapableOf	/c/en/plan_vacation	1.0	-0.083
/c/en/beauty_bush	RelatedTo	/c/en/family	1.0	-0.088
/c/en/megatheroid	RelatedTo	/c/en/family	1.0	0.168
/c/en/multifamily	RelatedTo	/c/en/family	1.0	0.446
/c/en/sheet_weaver	RelatedTo	/c/en/family	1.0	-0.022
/c/en/siricid	RelatedTo	/c/en/family	1.0	0.02
/c/en/daw	RelatedTo	/c/en/family	1.0	-0.037
/c/en/rutaceous	RelatedTo	/c/en/family	1.0	0.346
/c/en/cryptospora	RelatedTo	/c/en/family	1.0	0.031
/c/en/narra	RelatedTo	/c/en/family	1.0	0.251
/c/en/chukchi_kamchatkan	RelatedTo	/c/en/family	1.0	-0.081
/c/en/giant_weta	RelatedTo	/c/en/family	1.0	0.037
/c/en/uniruled	RelatedTo	/c/en/family	1.0	-0.06
/c/en/onagraceous	RelatedTo	/c/en/family	1.0	-0.017
/c/en/infrafamilial	RelatedTo	/c/en/family	1.0	0.037
/c/en/righteye_flounder	RelatedTo	/c/en/family	1.0	-0.083
/c/en/odontobutid	RelatedTo	/c/en/family	1.0	0.049
/c/en/moss_frog	RelatedTo	/c/en/family	1.0	-0.054
/c/en/sphyraenoid	RelatedTo	/c/en/family	1.0	0.018
/c/en/eicosanoid	RelatedTo	/c/en/family	1.0	0.07
/c/en/cordylid	RelatedTo	/c/en/family	1.0	0.152
/c/en/dehabilitation	RelatedTo	/c/en/family	1.0	0.055
/c/en/agnate	RelatedTo	/c/en/family	1.0	0.263
/c/en/cannonball_fungus	RelatedTo	/c/en/family	1.0	-0.038
/c/en/gall_midge	RelatedTo	/c/en/family	1.0	0.04
/c/en/earthcreeper	RelatedTo	/c/en/family	1.0	0.037
/c/en/familial	RelatedTo	/c/en/family	1.0	0.617
/c/en/pleasing_fungus_beetle	RelatedTo	/c/en/family	1.0	-0.027
/c/en/scorpaenoid	RelatedTo	/c/en/family	1.0	0.152
/c/en/myoxid	RelatedTo	/c/en/family	1.0	0.023
/c/en/marblefish	RelatedTo	/c/en/family	1.0	-0.021
/c/en/nuclear_family	DerivedFrom	/c/en/family	1.0	-0.072
/c/en/solanderiid	RelatedTo	/c/en/family	1.0	0.059
/c/en/helodermatid	RelatedTo	/c/en/family	1.0	0.139
/c/en/tampoe	RelatedTo	/c/en/family	1.0	-0.035
/c/en/horse	RelatedTo	/c/en/family	1.0	-0.047
/c/en/tanoan	RelatedTo	/c/en/family	1.0	0.095
/c/en/tingid	RelatedTo	/c/en/family	1.0	0.028
/c/en/caudipterid	RelatedTo	/c/en/family	1.0	0.015
/c/en/alphabaculovirus	RelatedTo	/c/en/family	1.0	-0.009
/c/en/family	CapableOf	/c/en/move_house	1.0	-0.047
/c/en/earthcreeper	RelatedTo	/c/en/family	1.0	0.037
/c/en/pricklefish	RelatedTo	/c/en/family	1.0	0.019
/c/en/gelastocorid	RelatedTo	/c/en/family	1.0	-0.015
/c/en/alfalfa_butterfly	RelatedTo	/c/en/family	1.0	-0.002
/c/en/family	RelatedTo	/c/en/adoption	1.0	0.103
/c/en/medlar	RelatedTo	/c/en/family	1.0	0.113
/c/en/parent	AtLocation	/c/en/family	1.0	0.318
/c/en/blood	RelatedTo	/c/en/family	1.0	0.095
/c/en/myoxid	RelatedTo	/c/en/family	1.0	0.023
/c/en/ma_bell	RelatedTo	/c/en/family	1.0	0.129
/c/en/kentjur	RelatedTo	/c/en/family	1.0	0.053
/c/en/notopterid	RelatedTo	/c/en/family	1.0	-0.0
/c/en/reverse_domestic_violence	RelatedTo	/c/en/family	1.0	-0.061
/c/en/roller	RelatedTo	/c/en/family	1.0	-0.017
/c/en/velvet_ant	RelatedTo	/c/en/family	1.0	-0.02
/c/en/hoofstock	RelatedTo	/c/en/family	1.0	0.048
/c/en/ronquil	RelatedTo	/c/en/family	1.0	0.009
/c/en/sylviid	RelatedTo	/c/en/family	1.0	0.044
/c/en/northern_three_toed_jerboa	RelatedTo	/c/en/family	1.0	0.009
/c/en/mudpuppy	RelatedTo	/c/en/family	1.0	0.165
/c/en/rhexia	RelatedTo	/c/en/family	1.0	-0.078
/c/en/karanda	RelatedTo	/c/en/family	1.0	0.263
/c/en/albany	RelatedTo	/c/en/family	1.0	-0.035
/c/en/cordylid	RelatedTo	/c/en/family	1.0	0.152
/c/en/rhinolophid	RelatedTo	/c/en/family	1.0	-0.089
/c/en/framily	DerivedFrom	/c/en/family	1.0	0.807
/c/en/lophiid	RelatedTo	/c/en/family	1.0	0.04
/c/en/wedge_sum	RelatedTo	/c/en/family	1.0	0.012
/c/en/termitaphidid	RelatedTo	/c/en/family	1.0	0.034
/c/en/sibling	AtLocation	/c/en/family	1.0	0.33
/c/en/wollemi_pine	RelatedTo	/c/en/family	1.0	0.267
/c/en/luteovirus	RelatedTo	/c/en/family	1.0	-0.055
/c/en/polytrichaceous	RelatedTo	/c/en/family	1.0	-0.026
/c/en/c_family	IsA	/c/en/family	1.0	-0.086
/c/en/monognathid	RelatedTo	/c/en/family	1.0	0.144
/c/en/family	CapableOf	/c/en/buy_house	1.0	0.011
/c/en/family	CapableOf	/c/en/include_five_children	1.0	0.085
/c/en/emberizid	RelatedTo	/c/en/family	1.0	0.027
/c/en/cynocephalid	RelatedTo	/c/en/family	1.0	0.024
/c/en/extrafamilial	RelatedTo	/c/en/family	1.0	0.03
/c/en/forgiveness	AtLocation	/c/en/family	1.0	-0.009
/c/en/amazon_lily	RelatedTo	/c/en/family	1.0	-0.039
/c/en/wilson's_filmy_fern	RelatedTo	/c/en/family	1.0	-0.012
/c/en/lactariid	RelatedTo	/c/en/family	1.0	0.01
/c/en/baby	RelatedTo	/c/en/family	1.0	0.119
/c/en/moth_fly	RelatedTo	/c/en/family	1.0	-0.023
/c/en/grand_ducal	RelatedTo	/c/en/family	1.0	-0.02
/c/en/bramid	RelatedTo	/c/en/family	1.0	-0.01
/c/en/boltonia	RelatedTo	/c/en/family	1.0	0.035
/c/en/cannonball_fungus	RelatedTo	/c/en/family	1.0	-0.038
/c/en/sittine	RelatedTo	/c/en/family	1.0	-0.044
/c/en/sei_whale	RelatedTo	/c/en/family	1.0	0.216
/c/en/secondborn	RelatedTo	/c/en/family	1.0	-0.059
/c/en/dactylogyrid	RelatedTo	/c/en/family	1.0	0.044
/c/en/myoxid	RelatedTo	/c/en/family	1.0	0.023
/c/en/fin_whale	RelatedTo	/c/en/family	1.0	0.046
/c/en/termitaphidid	RelatedTo	/c/en/family	1.0	0.034
/c/en/polytrichaceous	RelatedTo	/c/en/family	1.0	-0.026
/c/en/carpet_beetle	RelatedTo	/c/en/family	1.0	0.052
/c/en/caprifoliaceous	RelatedTo	/c/en/family	1.0	-0.009
/c/en/forgiveness	AtLocation	/c/en/family	1.0	-0.009
/c/en/hearth	RelatedTo	/c/en/family	1.0	0.158
/c/en/family	CapableOf	/c/en/play_board_game_together	1.0	-0.057
/c/en/gymnarthrid	RelatedTo	/c/en/family	1.0	-0.0
/c/en/areca	RelatedTo	/c/en/family	1.0	0.137
/c/en/little_spiderhunter	RelatedTo	/c/en/family	1.0	-0.059
/c/en/menispermaceous	RelatedTo	/c/en/family	1.0	-0.024
/c/en/beenah	RelatedTo	/c/en/family	1.0	0.027
/c/en/paralligatorid	RelatedTo	/c/en/family	1.0	-0.006
/c/en/oldfield_mouse	RelatedTo	/c/en/family	1.0	-0.012
/c/en/pomelo	RelatedTo	/c/en/family	1.0	0.007
/c/en/zygaenid	RelatedTo	/c/en/family	1.0	-0.042
/c/en/macroscelidid	RelatedTo	/c/en/family	1.0	0.001
/c/en/family	RelatedTo	/c/en/taxon	1.0	0.213
/c/en/stickleback	RelatedTo	/c/en/family	1.0	0.063
/c/en/scopeloid	RelatedTo	/c/en/family	1.0	0.021
/c/en/titanothere	RelatedTo	/c/en/family	1.0	0.008
/c/en/daubechies_wavelet	RelatedTo	/c/en/family	1.0	0.07
/c/en/blood_is_thicker_than_water	HasContext	/c/en/family	1.0	0.028
/c/en/weaverbird	RelatedTo	/c/en/family	1.0	-0.048
/c/en/intrafamily	RelatedTo	/c/en/family	1.0	0.642
/c/en/cineraria	RelatedTo	/c/en/family	1.0	0.166
/c/en/nabid	RelatedTo	/c/en/family	1.0	0.107
/c/en/epifamily	DerivedFrom	/c/en/family	1.0	-0.001
/c/en/membracid	RelatedTo	/c/en/family	1.0	0.072
/c/en/olenid	RelatedTo	/c/en/family	1.0	-0.042
/c/en/recension	RelatedTo	/c/en/family	1.0	0.093
/c/en/fig_wasp	RelatedTo	/c/en/family	1.0	0.046
/c/en/tree_duck	RelatedTo	/c/en/family	1.0	0.014
/c/en/musteline	RelatedTo	/c/en/family	1.0	0.333
/c/en/myrsinaceous	RelatedTo	/c/en/family	1.0	0.087
/c/en/mytiloid	RelatedTo	/c/en/family	1.0	0.103
/c/en/sternid	RelatedTo	/c/en/family	1.0	-0.038
/c/en/round_herring	RelatedTo	/c/en/family	1.0	0.011
/c/en/decinine	RelatedTo	/c/en/family	1.0	0.033
/c/en/boglin	RelatedTo	/c/en/family	1.0	-0.015
/c/en/liliaceous	RelatedTo	/c/en/family	1.0	0.354
/c/en/gray_fox	RelatedTo	/c/en/family	1.0	0.203
/c/en/polytrichaceous	RelatedTo	/c/en/family	1.0	-0.026
/c/en/cuculid	RelatedTo	/c/en/family	1.0	0.113
/c/en/radish	RelatedTo	/c/en/family	1.0	-0.051
/c/en/glareolid	RelatedTo	/c/en/family	1.0	0.002
/c/en/forgiveness	AtLocation	/c/en/family	1.0	-0.009
/c/en/bell_animalcule	RelatedTo	/c/en/family	1.0	0.013
/c/en/metacapnodiaceous	RelatedTo	/c/en/family	1.0	0.023
/c/en/zamak	RelatedTo	/c/en/family	1.0	0.056
/c/en/crimson_clover	RelatedTo	/c/en/family	1.0	-0.019
/c/en/termite_bug	RelatedTo	/c/en/family	1.0	0.034
/c/en/areca	RelatedTo	/c/en/family	1.0	0.137
/c/en/turdid	RelatedTo	/c/en/family	1.0	0.022
/c/en/saldid	RelatedTo	/c/en/family	1.0	0.052
/c/en/monocentrid	RelatedTo	/c/en/family	1.0	-0.023
/c/en/giant_water_bug	RelatedTo	/c/en/family	1.0	0.037
/c/en/alstonia	RelatedTo	/c/en/family	1.0	0.004
/c/en/family	CapableOf	/c/en/play_board_game_together	1.0	-0.057
/c/en/treehopper	RelatedTo	/c/en/family	1.0	0.115
/c/en/damsel_bug	RelatedTo	/c/en/family	1.0	0.058
/c/en/white_mustard	RelatedTo	/c/en/family	1.0	0.048
/c/en/die	RelatedTo	/c/en/family	1.0	0.047
/c/en/pomelo	RelatedTo	/c/en/family	1.0	0.007
/c/en/genearch	RelatedTo	/c/en/family	1.0	0.353
/c/en/labrisomid	RelatedTo	/c/en/family	1.0	0.015
/c/en/speckled_footman	RelatedTo	/c/en/family	1.0	-0.016
/c/en/unlineal	RelatedTo	/c/en/family	1.0	-0.008
/c/en/fampool	RelatedTo	/c/en/family	1.0	0.439
/c/en/ianthina	RelatedTo	/c/en/family	1.0	0.109
/c/en/needle_furze	RelatedTo	/c/en/family	1.0	0.023
/c/en/spignel	RelatedTo	/c/en/family	1.0	-0.026
/c/en/titanothere	RelatedTo	/c/en/family	1.0	0.008
/c/en/intrafamily	RelatedTo	/c/en/family	1.0	0.642
/c/en/gazelle_in_garden	RelatedTo	/c/en/family	1.0	-0.052
/c/en/chelydrid	RelatedTo	/c/en/family	1.0	-0.086
/c/en/labiate	RelatedTo	/c/en/family	1.0	-0.058
/c/en/musciform	RelatedTo	/c/en/family	1.0	0.007
/c/en/stromateid	RelatedTo	/c/en/family	1.0	0.014
/c/en/screamer	RelatedTo	/c/en/family	1.0	0.041
/c/en/musteline	RelatedTo	/c/en/family	1.0	0.333
/c/en/polychrotid	RelatedTo	/c/en/family	1.0	0.02
/c/en/ricefish	RelatedTo	/c/en/family	1.0	0.027
/c/en/flashlight_fish	RelatedTo	/c/en/family	1.0	0.143
/c/en/royal_household	RelatedTo	/c/en/family	1.0	0.355
/c/en/rice_paddy_herb	RelatedTo	/c/en/family	1.0	-0.006
/c/en/sheep_laurel	RelatedTo	/c/en/family	1.0	-0.005
/c/en/shina	RelatedTo	/c/en/family	1.0	0.123
/c/en/shield_backed_bug	RelatedTo	/c/en/family	1.0	-0.0
/c/en/bramble_cay_melomys	RelatedTo	/c/en/family	1.0	0.003
/c/en/luvarid	RelatedTo	/c/en/family	1.0	-0.011
/c/en/families	FormOf	/c/en/family	1.0	0.685
/c/en/family	CapableOf	/c/en/move_to_new_state	1.0	-0.037
/c/en/pondfish	RelatedTo	/c/en/family	1.0	-0.004
/c/en/galanas	RelatedTo	/c/en/family	1.0	0.036
/c/en/flower_of_jove	RelatedTo	/c/en/family	1.0	-0.068
/c/en/glomerid	RelatedTo	/c/en/family	1.0	-0.048
/c/en/malurid	RelatedTo	/c/en/family	1.0	0.032
/c/en/musteline	RelatedTo	/c/en/family	1.0	0.333
/c/en/parricidal	RelatedTo	/c/en/family	1.0	0.047
/c/en/plant_bug	RelatedTo	/c/en/family	1.0	0.008
/c/en/brass	Synonym	/c/en/family	1.0	-0.106
/c/en/sea_lemon	RelatedTo	/c/en/family	1.0	0.068
/c/en/mahoe	RelatedTo	/c/en/family	1.0	0.058
/c/en/ricefish	RelatedTo	/c/en/family	1.0	0.027
/c/en/sheep_laurel	RelatedTo	/c/en/family	1.0	-0.005
/c/en/juniper	RelatedTo	/c/en/family	1.0	0.096
/c/en/aulopid	RelatedTo	/c/en/family	1.0	-0.041
/c/en/mock_heather	RelatedTo	/c/en/family	1.0	-0.031
/c/en/buthid	RelatedTo	/c/en/family	1.0	0.035
/c/en/stepfamily	DerivedFrom	/c/en/family	1.0	0.402
/c/en/boubou	RelatedTo	/c/en/family	1.0	0.251
/c/en/cheiropterous	RelatedTo	/c/en/family	1.0	0.0
/c/en/youthman	RelatedTo	/c/en/family	1.0	-0.041
/c/en/formicid	RelatedTo	/c/en/family	1.0	0.308
/c/en/hadrosaurid	RelatedTo	/c/en/family	1.0	0.045
/c/en/mother_in_law	PartOf	/c/en/family	1.0	0.041
/c/en/bearded_mountaineer	RelatedTo	/c/en/family	1.0	0.029
/c/en/oestrid	RelatedTo	/c/en/family	1.0	-0.122
/c/en/mugiloid	RelatedTo	/c/en/family	1.0	0.15
/c/en/processionary_caterpillar	RelatedTo	/c/en/family	1.0	0.081
/c/en/spurwort	RelatedTo	/c/en/family	1.0	-0.027
/c/en/omomyid	RelatedTo	/c/en/family	1.0	0.089
/c/en/bifurcation	RelatedTo	/c/en/family	1.0	0.029
/c/en/nemophila	RelatedTo	/c/en/family	1.0	0.09
/c/en/indo_european	RelatedTo	/c/en/family	1.0	-0.015
/c/en/keeping_room	RelatedTo	/c/en/family	1.0	-0.052
/c/en/loved_one	RelatedTo	/c/en/family	1.0	0.524
/c/en/butterfly_pea	RelatedTo	/c/en/family	1.0	-0.127
/c/en/macrourid	RelatedTo	/c/en/family	1.0	0.073
/c/en/double_cousin	RelatedTo	/c/en/family	1.0	0.045
/c/en/solasonine	RelatedTo	/c/en/family	1.0	0.018
/c/en/snowbush	RelatedTo	/c/en/family	1.0	-0.011
/c/en/butyrophilin	RelatedTo	/c/en/family	1.0	0.004
/c/en/cyathophylloid	RelatedTo	/c/en/family	1.0	0.026
/c/en/santalaceous	RelatedTo	/c/en/family	1.0	0.087
/c/en/berycoid	RelatedTo	/c/en/family	1.0	-0.079
/c/en/homesick	RelatedTo	/c/en/family	1.0	0.141
/c/en/cutthroat_eel	RelatedTo	/c/en/family	1.0	0.043
/c/en/ogbanje	RelatedTo	/c/en/family	1.0	-0.03
/c/en/family_values	DerivedFrom	/c/en/family	1.0	0.392
/c/en/systemin	RelatedTo	/c/en/family	1.0	-0.02
/c/en/wilson's_filmy_fern	RelatedTo	/c/en/family	1.0	-0.012
/c/en/lactariid	RelatedTo	/c/en/family	1.0	0.01
/c/en/baby	RelatedTo	/c/en/family	1.0	0.119
/c/en/moth_fly	RelatedTo	/c/en/family	1.0	-0.023
/c/en/grand_ducal	RelatedTo	/c/en/family	1.0	-0.02
/c/en/bramid	RelatedTo	/c/en/family	1.0	-0.01
/c/en/boltonia	RelatedTo	/c/en/family	1.0	0.035
/c/en/cannonball_fungus	RelatedTo	/c/en/family	1.0	-0.038
/c/en/sittine	RelatedTo	/c/en/family	1.0	-0.044
/c/en/secondborn	RelatedTo	/c/en/family	1.0	-0.059
/c/en/dactylogyrid	RelatedTo	/c/en/family	1.0	0.044
/c/en/genealogy	RelatedTo	/c/en/family	1.0	0.356
/c/en/fin_whale	RelatedTo	/c/en/family	1.0	0.046
/c/en/syllid	RelatedTo	/c/en/family	1.0	-0.012
/c/en/carpet_beetle	RelatedTo	/c/en/family	1.0	0.052
/c/en/caprifoliaceous	RelatedTo	/c/en/family	1.0	-0.009
/c/en/hearth	RelatedTo	/c/en/family	1.0	0.158
/c/en/family	RelatedTo	/c/en/kin	1.0	0.509
/c/en/little_spiderhunter	RelatedTo	/c/en/family	1.0	-0.059
/c/en/menispermaceous	RelatedTo	/c/en/family	1.0	-0.024
/c/en/beenah	RelatedTo	/c/en/family	1.0	0.027
/c/en/paralligatorid	RelatedTo	/c/en/family	1.0	-0.006
/c/en/oldfield_mouse	RelatedTo	/c/en/family	1.0	-0.012
/c/en/zygaenid	RelatedTo	/c/en/family	1.0	-0.042
/c/en/macroscelidid	RelatedTo	/c/en/family	1.0	0.001
/c/en/family	RelatedTo	/c/en/taxon	1.0	0.213
/c/en/stickleback	RelatedTo	/c/en/family	1.0	0.063
/c/en/scopeloid	RelatedTo	/c/en/family	1.0	0.021
/c/en/sciaenoid	RelatedTo	/c/en/family	1.0	0.038
/c/en/daubechies_wavelet	RelatedTo	/c/en/family	1.0	0.07
/c/en/blood_is_thicker_than_water	HasContext	/c/en/family	1.0	0.028
/c/en/weaverbird	RelatedTo	/c/en/family	1.0	-0.048
/c/en/ophidioid	RelatedTo	/c/en/family	1.0	0.034
/c/en/cineraria	RelatedTo	/c/en/family	1.0	0.166
/c/en/nabid	RelatedTo	/c/en/family	1.0	0.107
/c/en/epifamily	DerivedFrom	/c/en/family	1.0	-0.001
/c/en/membracid	RelatedTo	/c/en/family	1.0	0.072
/c/en/olenid	RelatedTo	/c/en/family	1.0	-0.042
/c/en/recension	RelatedTo	/c/en/family	1.0	0.093
/c/en/fig_wasp	RelatedTo	/c/en/family	1.0	0.046
/c/en/tree_duck	RelatedTo	/c/en/family	1.0	0.014
/c/en/musteline	RelatedTo	/c/en/family	1.0	0.333
/c/en/myrsinaceous	RelatedTo	/c/en/family	1.0	0.087
/c/en/mytiloid	RelatedTo	/c/en/family	1.0	0.103
/c/en/sternid	RelatedTo	/c/en/family	1.0	-0.038
/c/en/round_herring	RelatedTo	/c/en/family	1.0	0.011
/c/en/decinine	RelatedTo	/c/en/family	1.0	0.033
/c/en/boglin	RelatedTo	/c/en/family	1.0	-0.015
/c/en/liliaceous	RelatedTo	/c/en/family	1.0	0.354
/c/en/gray_fox	RelatedTo	/c/en/family	1.0	0.203
/c/en/cuculid	RelatedTo	/c/en/family	1.0	0.113
/c/en/radish	RelatedTo	/c/en/family	1.0	-0.051
/c/en/glareolid	RelatedTo	/c/en/family	1.0	0.002
/c/en/civet	RelatedTo	/c/en/family	1.0	0.007
/c/en/bell_animalcule	RelatedTo	/c/en/family	1.0	0.013
/c/en/metacapnodiaceous	RelatedTo	/c/en/family	1.0	0.023
/c/en/zamak	RelatedTo	/c/en/family	1.0	0.056
/c/en/crimson_clover	RelatedTo	/c/en/family	1.0	-0.019
/c/en/termite_bug	RelatedTo	/c/en/family	1.0	0.034
/c/en/areca	RelatedTo	/c/en/family	1.0	0.137
/c/en/turdid	RelatedTo	/c/en/family	1.0	0.022
/c/en/saldid	RelatedTo	/c/en/family	1.0	0.052
/c/en/monocentrid	RelatedTo	/c/en/family	1.0	-0.023
/c/en/giant_water_bug	RelatedTo	/c/en/family	1.0	0.037
/c/en/alstonia	RelatedTo	/c/en/family	1.0	0.004
/c/en/treehopper	RelatedTo	/c/en/family	1.0	0.115
/c/en/damsel_bug	RelatedTo	/c/en/family	1.0	0.058
/c/en/white_mustard	RelatedTo	/c/en/family	1.0	0.048
/c/en/die	RelatedTo	/c/en/family	1.0	0.047
/c/en/labrisomid	RelatedTo	/c/en/family	1.0	0.015
/c/en/unlineal	RelatedTo	/c/en/family	1.0	-0.008
/c/en/fampool	RelatedTo	/c/en/family	1.0	0.439
/c/en/ianthina	RelatedTo	/c/en/family	1.0	0.109
/c/en/needle_furze	RelatedTo	/c/en/family	1.0	0.023
/c/en/spignel	RelatedTo	/c/en/family	1.0	-0.026
/c/en/santolina	RelatedTo	/c/en/family	1.0	0.281
/c/en/bugseed	RelatedTo	/c/en/family	1.0	0.003
/c/en/gazelle_in_garden	RelatedTo	/c/en/family	1.0	-0.052
/c/en/chelydrid	RelatedTo	/c/en/family	1.0	-0.086
/c/en/family_affair	DerivedFrom	/c/en/family	1.0	0.506
/c/en/musciform	RelatedTo	/c/en/family	1.0	0.007
/c/en/stromateid	RelatedTo	/c/en/family	1.0	0.014
/c/en/screamer	RelatedTo	/c/en/family	1.0	0.041
/c/en/marsh_rice_rat	RelatedTo	/c/en/family	1.0	-0.002
/c/en/polychrotid	RelatedTo	/c/en/family	1.0	0.02
/c/en/bluestar	RelatedTo	/c/en/family	1.0	0.294
/c/en/flashlight_fish	RelatedTo	/c/en/family	1.0	0.143
/c/en/royal_household	RelatedTo	/c/en/family	1.0	0.355
/c/en/rice_paddy_herb	RelatedTo	/c/en/family	1.0	-0.006
/c/en/shina	RelatedTo	/c/en/family	1.0	0.123
/c/en/shield_backed_bug	RelatedTo	/c/en/family	1.0	-0.0
/c/en/bramble_cay_melomys	RelatedTo	/c/en/family	1.0	0.003
/c/en/luvarid	RelatedTo	/c/en/family	1.0	-0.011
/c/en/families	FormOf	/c/en/family	1.0	0.685
/c/en/family	CapableOf	/c/en/move_to_new_state	1.0	-0.037
/c/en/pondfish	RelatedTo	/c/en/family	1.0	-0.004
/c/en/galanas	RelatedTo	/c/en/family	1.0	0.036
/c/en/malurid	RelatedTo	/c/en/family	1.0	0.032
/c/en/parricidal	RelatedTo	/c/en/family	1.0	0.047
/c/en/plant_bug	RelatedTo	/c/en/family	1.0	0.008
/c/en/sea_lemon	RelatedTo	/c/en/family	1.0	0.068
/c/en/pitohui	RelatedTo	/c/en/family	1.0	0.015
/c/en/juniper	RelatedTo	/c/en/family	1.0	0.096
/c/en/aulopid	RelatedTo	/c/en/family	1.0	-0.041
/c/en/buthid	RelatedTo	/c/en/family	1.0	0.035
/c/en/stepfamily	DerivedFrom	/c/en/family	1.0	0.402
/c/en/boubou	RelatedTo	/c/en/family	1.0	0.251
/c/en/cheiropterous	RelatedTo	/c/en/family	1.0	0.0
/c/en/formicid	RelatedTo	/c/en/family	1.0	0.308
/c/en/hadrosaurid	RelatedTo	/c/en/family	1.0	0.045
/c/en/oestrid	RelatedTo	/c/en/family	1.0	-0.122
/c/en/mugiloid	RelatedTo	/c/en/family	1.0	0.15
/c/en/spurwort	RelatedTo	/c/en/family	1.0	-0.027
/c/en/omomyid	RelatedTo	/c/en/family	1.0	0.089
/c/en/bifurcation	RelatedTo	/c/en/family	1.0	0.029
/c/en/nemophila	RelatedTo	/c/en/family	1.0	0.09
/c/en/indo_european	RelatedTo	/c/en/family	1.0	-0.015
/c/en/keeping_room	RelatedTo	/c/en/family	1.0	-0.052
/c/en/loved_one	RelatedTo	/c/en/family	1.0	0.524
/c/en/butterfly_pea	RelatedTo	/c/en/family	1.0	-0.127
/c/en/macrourid	RelatedTo	/c/en/family	1.0	0.073
/c/en/double_cousin	RelatedTo	/c/en/family	1.0	0.045
/c/en/snowbush	RelatedTo	/c/en/family	1.0	-0.011
/c/en/cyathophylloid	RelatedTo	/c/en/family	1.0	0.026
/c/en/santalaceous	RelatedTo	/c/en/family	1.0	0.087
/c/en/berycoid	RelatedTo	/c/en/family	1.0	-0.079
/c/en/homesick	RelatedTo	/c/en/family	1.0	0.141
/c/en/cutthroat_eel	RelatedTo	/c/en/family	1.0	0.043
/c/en/ogbanje	RelatedTo	/c/en/family	1.0	-0.03
/c/en/family_values	DerivedFrom	/c/en/family	1.0	0.392
/c/en/systemin	RelatedTo	/c/en/family	1.0	-0.02
/c/en/numbfish	RelatedTo	/c/en/family	1.0	-0.053
/c/en/family_of_orientation	RelatedTo	/c/en/family	1.0	0.506
/c/en/elasmosaurid	RelatedTo	/c/en/family	1.0	0.153
/c/en/dicistrovirus	RelatedTo	/c/en/family	1.0	0.037
/c/en/elephant_shrew	RelatedTo	/c/en/family	1.0	-0.121
/c/en/echovirus	RelatedTo	/c/en/family	1.0	0.322
/c/en/shovelnose_frog	RelatedTo	/c/en/family	1.0	0.061
/c/en/family	CapableOf	/c/en/visit_relatives_on_thanksgiving	1.0	0.012
/c/en/sminthurid	RelatedTo	/c/en/family	1.0	0.096
/c/en/family	RelatedTo	/c/en/genus	1.0	0.346
/c/en/ochotonid	RelatedTo	/c/en/family	1.0	0.052
/c/en/astrovirus	RelatedTo	/c/en/family	1.0	-0.041
/c/en/aceous	RelatedTo	/c/en/family	1.0	0.02
/c/en/mock_heather	RelatedTo	/c/en/family	1.0	-0.031
/c/en/mouse_spider	RelatedTo	/c/en/family	1.0	-0.009
/c/en/mantisfly	RelatedTo	/c/en/family	1.0	0.048
/c/en/poliovirus	RelatedTo	/c/en/family	1.0	0.111
/c/en/hydrometrid	RelatedTo	/c/en/family	1.0	-0.018
/c/en/birdsfoot_violet	RelatedTo	/c/en/family	1.0	-0.094
/c/en/sandgroper	RelatedTo	/c/en/family	1.0	-0.008
/c/en/pink_cornworm	RelatedTo	/c/en/family	1.0	0.043
/c/en/chadic	RelatedTo	/c/en/family	1.0	0.069
/c/en/raoulia	RelatedTo	/c/en/family	1.0	0.004
/c/en/lepidosirenid	RelatedTo	/c/en/family	1.0	0.091
/c/en/geraniaceous	RelatedTo	/c/en/family	1.0	-0.013
/c/en/monimiaceous	RelatedTo	/c/en/family	1.0	-0.027
/c/en/apple_snail	RelatedTo	/c/en/family	1.0	0.071
/c/en/interfamily	DerivedFrom	/c/en/family	1.0	-0.0
/c/en/pleosporaceous	RelatedTo	/c/en/family	1.0	0.011
/c/en/first_footing	RelatedTo	/c/en/family	1.0	-0.003
/c/en/superfarm	RelatedTo	/c/en/family	1.0	0.364
/c/en/cerinthe	RelatedTo	/c/en/family	1.0	-0.051
/c/en/diving_beetle	RelatedTo	/c/en/family	1.0	0.013
/c/en/serpula	RelatedTo	/c/en/family	1.0	0.037
/c/en/eurypharyngid	RelatedTo	/c/en/family	1.0	0.125
/c/en/kamchukchee	RelatedTo	/c/en/family	1.0	-0.019
/c/en/intrafamily	DerivedFrom	/c/en/family	1.0	0.642
/c/en/guayule	RelatedTo	/c/en/family	1.0	0.183
/c/en/guango	RelatedTo	/c/en/family	1.0	-0.03
/c/en/fogfruit	RelatedTo	/c/en/family	1.0	-0.006
/c/en/family	RelatedTo	/c/en/kindred	1.0	0.309
/c/en/cahinca	RelatedTo	/c/en/family	1.0	0.127
/c/en/dihydromorin	RelatedTo	/c/en/family	1.0	0.033
/c/en/centrolophid	RelatedTo	/c/en/family	1.0	0.004
/c/en/family	CapableOf	/c/en/sits_at_table_to_eat	1.0	-0.025
/c/en/grapsoid	RelatedTo	/c/en/family	1.0	0.022
/c/en/cellar_spider	RelatedTo	/c/en/family	1.0	-0.021
/c/en/bat_fly	RelatedTo	/c/en/family	1.0	0.005
/c/en/soricine	RelatedTo	/c/en/family	1.0	0.021
/c/en/chromid	RelatedTo	/c/en/family	1.0	-0.085
/c/en/suid	RelatedTo	/c/en/family	1.0	0.215
/c/en/aradid	RelatedTo	/c/en/family	1.0	0.082
/c/en/beetle_mite	RelatedTo	/c/en/family	1.0	0.126
/c/en/chimaerid	RelatedTo	/c/en/family	1.0	0.086
/c/en/noiselet	RelatedTo	/c/en/family	1.0	0.049
/c/en/squirrel_corn	RelatedTo	/c/en/family	1.0	0.06
/c/en/polyfamily	RelatedTo	/c/en/family	1.0	0.086
/c/en/lineal	HasContext	/c/en/family	1.0	0.218
/c/en/indian_hawthorn	RelatedTo	/c/en/family	1.0	-0.069
/c/en/goggle_eye	RelatedTo	/c/en/family	1.0	0.26
/c/en/elopid	RelatedTo	/c/en/family	1.0	0.079
/c/en/eskaleut	RelatedTo	/c/en/family	1.0	-0.058
/c/en/neckeraceous	RelatedTo	/c/en/family	1.0	0.005
/c/en/family	RelatedTo	/c/en/order	1.0	0.017
/c/en/double_day	RelatedTo	/c/en/family	1.0	0.034
/c/en/aspredinid	RelatedTo	/c/en/family	1.0	0.01
/c/en/noodlefish	RelatedTo	/c/en/family	1.0	0.022
/c/en/scincid	RelatedTo	/c/en/family	1.0	-0.025
/c/en/podophyllum	RelatedTo	/c/en/family	1.0	0.079
/c/en/family	RelatedTo	/c/en/group	1.0	0.246
/c/en/soft_tortoise	RelatedTo	/c/en/family	1.0	0.047
/c/en/jet_bead	RelatedTo	/c/en/family	1.0	0.023
/c/en/matrilocal	RelatedTo	/c/en/family	1.0	0.386
/c/en/family	RelatedTo	/c/en/blood	1.0	0.095
/c/en/crane	RelatedTo	/c/en/family	1.0	-0.078
/c/en/carer	RelatedTo	/c/en/family	1.0	0.052
/c/en/hoplopleurid	RelatedTo	/c/en/family	1.0	0.094
/c/en/intrafamilial	RelatedTo	/c/en/family	1.0	0.642
/c/en/curculionidous	RelatedTo	/c/en/family	1.0	0.259
/c/en/echinophthiriid	RelatedTo	/c/en/family	1.0	0.109
/c/en/lords_and_ladies	RelatedTo	/c/en/family	1.0	0.071
/c/en/home	UsedFor	/c/en/family	1.0	0.346
/c/en/orthid	RelatedTo	/c/en/family	1.0	0.127
/c/en/certhiid	RelatedTo	/c/en/family	1.0	-0.053
/c/en/liolaemid	RelatedTo	/c/en/family	1.0	-0.045
/c/en/xystodesmid	RelatedTo	/c/en/family	1.0	0.025
/c/en/treeswift	RelatedTo	/c/en/family	1.0	0.086
/c/en/tie_bush	RelatedTo	/c/en/family	1.0	-0.028
/c/en/holiday_camp	RelatedTo	/c/en/family	1.0	0.13
/c/en/polyfamily	DerivedFrom	/c/en/family	1.0	0.086
/c/en/soldierfish	RelatedTo	/c/en/family	1.0	0.073
/c/en/wharangi	RelatedTo	/c/en/family	1.0	-0.091
/c/en/ghost_knifefish	RelatedTo	/c/en/family	1.0	-0.018
/c/en/parasol_tree	RelatedTo	/c/en/family	1.0	-0.079
/c/en/potato_virus_x	RelatedTo	/c/en/family	1.0	0.099
/c/en/families	RelatedTo	/c/en/family	1.0	0.685
/c/en/wild_cabbage	RelatedTo	/c/en/family	1.0	-0.03
/c/en/onlyborn	RelatedTo	/c/en/family	1.0	-0.028
/c/en/family	CapableOf	/c/en/include_one_child	1.0	0.085
/c/en/speckled_carpetshark	RelatedTo	/c/en/family	1.0	-0.016
/c/en/unfamilied	RelatedTo	/c/en/family	1.0	0.025
/c/en/solauricine	RelatedTo	/c/en/family	1.0	0.018
/c/en/fenestellid	RelatedTo	/c/en/family	1.0	0.036
/c/en/dynasty	IsA	/c/en/family	1.0	0.232
/c/en/vespertilionine	RelatedTo	/c/en/family	1.0	-0.039
/c/en/everybody	PartOf	/c/en/family	1.0	0.113
/c/en/crocus	RelatedTo	/c/en/family	1.0	-0.029
/c/en/iresine	RelatedTo	/c/en/family	1.0	0.007
/c/en/extended_family	DerivedFrom	/c/en/family	1.0	0.053
/c/en/cockle	RelatedTo	/c/en/family	1.0	-0.002
/c/en/sphaerodactylid	RelatedTo	/c/en/family	1.0	-0.05
/c/en/scioness	RelatedTo	/c/en/family	1.0	0.137
/c/en/milk_parsley	RelatedTo	/c/en/family	1.0	-0.137
/c/en/ethnic_group	RelatedTo	/c/en/family	1.0	0.03
/c/en/family	IsA	/c/en/organization_of_people	1.0	0.079
/c/en/helmet_snail	RelatedTo	/c/en/family	1.0	0.038
/c/en/chaebol	RelatedTo	/c/en/family	1.0	0.188
/c/en/waterfowl	RelatedTo	/c/en/family	1.0	-0.02
/c/en/bagworm	RelatedTo	/c/en/family	1.0	-0.066
/c/en/warmedy	RelatedTo	/c/en/family	1.0	-0.044
/c/en/go	RelatedTo	/c/en/family	1.0	-0.022
/c/en/embiotocid	RelatedTo	/c/en/family	1.0	-0.036
/c/en/malaconotid	RelatedTo	/c/en/family	1.0	0.101
/c/en/making_sure_re_healthy	UsedFor	/c/en/family	1.0	-0.027
/c/en/haircap	RelatedTo	/c/en/family	1.0	0.015
/c/en/regalecid	RelatedTo	/c/en/family	1.0	-0.033
/c/en/grapsoid	RelatedTo	/c/en/family	1.0	0.022
/c/en/lizardfish	RelatedTo	/c/en/family	1.0	0.059
/c/en/mahram	RelatedTo	/c/en/family	1.0	0.34
/c/en/mountain_mahogany	RelatedTo	/c/en/family	1.0	0.014
/c/en/topshell	RelatedTo	/c/en/family	1.0	-0.083
/c/en/guelphic	RelatedTo	/c/en/family	1.0	0.078
/c/en/limnephilid	RelatedTo	/c/en/family	1.0	0.013
/c/en/family_unit	IsA	/c/en/family	1.0	0.506
/c/en/ambilineal	RelatedTo	/c/en/family	1.0	0.013
/c/en/erethizontid	RelatedTo	/c/en/family	1.0	-0.004
/c/en/bowman_birk_protease_inhibitor	RelatedTo	/c/en/family	1.0	-0.088
/c/en/blood_worm	RelatedTo	/c/en/family	1.0	0.028
/c/en/family	IsA	/c/en/group_of_people	1.0	0.132
/c/en/rabbitfish	RelatedTo	/c/en/family	1.0	-0.033
/c/en/camphorweed	RelatedTo	/c/en/family	1.0	0.06
/c/en/family	RelatedTo	/c/en/marriage	1.0	0.177
/c/en/household	Synonym	/c/en/family	1.0	0.483
/c/en/tree_kingfisher	RelatedTo	/c/en/family	1.0	0.014
/c/en/formicaroid	RelatedTo	/c/en/family	1.0	0.001
/c/en/swallowtail	RelatedTo	/c/en/family	1.0	0.071
/c/en/skeleton_shrimp	RelatedTo	/c/en/family	1.0	0.016
/c/en/avipoxvirus	RelatedTo	/c/en/family	1.0	0.074
/c/en/haplolepidous	RelatedTo	/c/en/family	1.0	0.134
/c/en/bipedid	RelatedTo	/c/en/family	1.0	0.018
/c/en/bedotiid	RelatedTo	/c/en/family	1.0	0.051
/c/en/naucorid	RelatedTo	/c/en/family	1.0	-0.017
/c/en/tyrannosaur	RelatedTo	/c/en/family	1.0	0.011
/c/en/bulldog_bat	RelatedTo	/c/en/family	1.0	0.035
/c/en/acara	RelatedTo	/c/en/family	1.0	0.527
/c/en/framily	RelatedTo	/c/en/family	1.0	0.807
/c/en/bittersweet	RelatedTo	/c/en/family	1.0	0.03
/c/en/bush_shrike	RelatedTo	/c/en/family	1.0	-0.001
/c/en/madeira_vine	RelatedTo	/c/en/family	1.0	-0.02
/c/en/riffle_bug	RelatedTo	/c/en/family	1.0	0.051
/c/en/golden_mole	RelatedTo	/c/en/family	1.0	-0.094
/c/en/dipterocarpaceous	RelatedTo	/c/en/family	1.0	0.109
/c/en/trachipterid	RelatedTo	/c/en/family	1.0	0.035
/c/en/family_history	DerivedFrom	/c/en/family	1.0	0.506
/c/en/emberizine	RelatedTo	/c/en/family	1.0	0.027
/c/en/family	CapableOf	/c/en/crowd_around_television	1.0	-0.042
/c/en/goodeid	RelatedTo	/c/en/family	1.0	-0.022
/c/en/enamovirus	RelatedTo	/c/en/family	1.0	-0.017
/c/en/cyrillaceous	RelatedTo	/c/en/family	1.0	-0.02
/c/en/toothleaf	RelatedTo	/c/en/family	1.0	-0.023
/c/en/perl	RelatedTo	/c/en/family	1.0	-0.107
/c/en/family_pole	RelatedTo	/c/en/family	1.0	0.506
/c/en/morning_glory	RelatedTo	/c/en/family	1.0	0.16
/c/en/erotylid	RelatedTo	/c/en/family	1.0	-0.054
/c/en/domestic_violence	Synonym	/c/en/family	1.0	0.081
/c/en/tetragonurid	RelatedTo	/c/en/family	1.0	0.088
/c/en/nurseryfish	RelatedTo	/c/en/family	1.0	0.004
/c/en/tapirid	RelatedTo	/c/en/family	1.0	-0.025
/c/en/scarlet_pimpernel	RelatedTo	/c/en/family	1.0	0.16
/c/en/riffle_beetle	RelatedTo	/c/en/family	1.0	0.051
/c/en/pleid	RelatedTo	/c/en/family	1.0	0.095
/c/en/mouse_eared_bat	RelatedTo	/c/en/family	1.0	-0.009
/c/en/kelpfish	RelatedTo	/c/en/family	1.0	-0.052
/c/en/family	RelatedTo	/c/en/familiar	1.0	0.147
/c/en/eatoniellid	RelatedTo	/c/en/family	1.0	0.001
/c/en/rock_lobster	RelatedTo	/c/en/family	1.0	0.138
/c/en/garlic_vine	RelatedTo	/c/en/family	1.0	0.012
/c/en/muricoid	RelatedTo	/c/en/family	1.0	0.057
/c/en/sittid	RelatedTo	/c/en/family	1.0	-0.044
/c/en/medici	RelatedTo	/c/en/family	1.0	0.265
/c/en/order	RelatedTo	/c/en/family	1.0	0.017
/c/en/dorvilleid	RelatedTo	/c/en/family	1.0	0.013
/c/en/athabascan	RelatedTo	/c/en/family	1.0	0.022
/c/en/squamodisc	RelatedTo	/c/en/family	1.0	-0.044
/c/en/ocypodian	RelatedTo	/c/en/family	1.0	-0.02
/c/en/pythid	RelatedTo	/c/en/family	1.0	-0.018
/c/en/lionfish	RelatedTo	/c/en/family	1.0	0.096
/c/en/shinisaurid	RelatedTo	/c/en/family	1.0	-0.049
/c/en/turnicid	RelatedTo	/c/en/family	1.0	-0.003
/c/en/family	CapableOf	/c/en/include_three_children	1.0	0.085
/c/en/whitefly	RelatedTo	/c/en/family	1.0	0.136
/c/en/money_spider	RelatedTo	/c/en/family	1.0	-0.001
/c/en/antifamily	RelatedTo	/c/en/family	1.0	-0.108
/c/en/anthocarp	RelatedTo	/c/en/family	1.0	0.032
/c/en/airbreathing_catfish	RelatedTo	/c/en/family	1.0	0.004
/c/en/nuclear_family	RelatedTo	/c/en/family	1.0	-0.072
/c/en/borid	RelatedTo	/c/en/family	1.0	0.003
/c/en/cod	RelatedTo	/c/en/family	1.0	0.003
/c/en/genealogize	RelatedTo	/c/en/family	1.0	0.346
/c/en/bigeye	RelatedTo	/c/en/family	1.0	0.207
/c/en/rich_kid	RelatedTo	/c/en/family	1.0	-0.097
/c/en/zanthoxylum	RelatedTo	/c/en/family	1.0	0.289
/c/en/hiodontid	RelatedTo	/c/en/family	1.0	0.051
/c/en/family	IsA	/c/en/group	1.0	0.246
/c/en/family_business	DerivedFrom	/c/en/family	1.0	0.506
/c/en/tephritid	RelatedTo	/c/en/family	1.0	0.305
/c/en/phengodid	RelatedTo	/c/en/family	1.0	0.024
/c/en/loris	RelatedTo	/c/en/family	1.0	0.128
/c/en/ash_gray_leaf_bug	RelatedTo	/c/en/family	1.0	-0.058
/c/en/rush	RelatedTo	/c/en/family	1.0	0.081
/c/en/sphaerotheriid	RelatedTo	/c/en/family	1.0	-0.05
/c/en/geometrid	RelatedTo	/c/en/family	1.0	0.085
/c/en/swellshark	RelatedTo	/c/en/family	1.0	0.009
/c/en/orange_hawkweed	RelatedTo	/c/en/family	1.0	-0.019
/c/en/psylla	RelatedTo	/c/en/family	1.0	0.078
/c/en/schindleriid	RelatedTo	/c/en/family	1.0	0.043
/c/en/alfilaria	RelatedTo	/c/en/family	1.0	-0.021
/c/en/goat's_beard	RelatedTo	/c/en/family	1.0	-0.003
/c/en/family	IsA	/c/en/carriage	1.0	0.019
/c/en/relation	RelatedTo	/c/en/family	1.0	0.137
/c/en/dalatiid	RelatedTo	/c/en/family	1.0	0.003
/c/en/family_doctor	DerivedFrom	/c/en/family	1.0	0.506
/c/en/turpentine_broom	RelatedTo	/c/en/family	1.0	0.06
/c/en/oregano	RelatedTo	/c/en/family	1.0	0.019
/c/en/mastiff_bat	RelatedTo	/c/en/family	1.0	0.019
/c/en/chinese_cypress	RelatedTo	/c/en/family	1.0	-0.002
/c/en/family	RelatedTo	/c/en/descended	1.0	0.058
/c/en/percopsid	RelatedTo	/c/en/family	1.0	0.013
/c/en/grysappel	RelatedTo	/c/en/family	1.0	0.044
/c/en/hoplocercid	RelatedTo	/c/en/family	1.0	0.094
/c/en/saddlebill	RelatedTo	/c/en/family	1.0	0.002
/c/en/javafx_script	RelatedTo	/c/en/family	1.0	0.069
/c/en/family	CapableOf	/c/en/visit_museum_together	1.0	0.012
/c/en/canarium	RelatedTo	/c/en/family	1.0	0.396
/c/en/family	CapableOf	/c/en/include_ten_children	1.0	0.085
/c/en/siphonariid	RelatedTo	/c/en/family	1.0	0.028
/c/en/roundnose_grenadier	RelatedTo	/c/en/family	1.0	-0.02
/c/en/paradoxosomatid	RelatedTo	/c/en/family	1.0	-0.07
/c/en/lophotid	RelatedTo	/c/en/family	1.0	0.04
/c/en/lampridid	RelatedTo	/c/en/family	1.0	0.136
/c/en/family_jewels	DerivedFrom	/c/en/family	1.0	0.25
/c/en/family	DefinedAs	/c/en/foundation_of_islamic_society	1.0	-0.006
/c/en/calathea	RelatedTo	/c/en/family	1.0	0.475
/c/en/greenbul	RelatedTo	/c/en/family	1.0	0.017
/c/en/giganturid	RelatedTo	/c/en/family	1.0	0.016
/c/en/kinfolk	Synonym	/c/en/family	1.0	0.491
/c/en/anobiid	RelatedTo	/c/en/family	1.0	-0.021
/c/en/notidanian	RelatedTo	/c/en/family	1.0	-0.074
/c/en/aua	RelatedTo	/c/en/family	1.0	0.414
/c/en/chactid	RelatedTo	/c/en/family	1.0	0.001
/c/en/hagfish	RelatedTo	/c/en/family	1.0	0.081
/c/en/patronymy	RelatedTo	/c/en/family	1.0	0.155
/c/en/desert_tomato	RelatedTo	/c/en/family	1.0	0.024
/c/en/brass	IsA	/c/en/family	1.0	-0.106
/c/en/gotcha_day	RelatedTo	/c/en/family	1.0	-0.086
/c/en/chrysochlorid	RelatedTo	/c/en/family	1.0	-0.087
/c/en/grandmother	PartOf	/c/en/family	1.0	0.283
/c/en/pantodontid	RelatedTo	/c/en/family	1.0	0.046
/c/en/homesickness	RelatedTo	/c/en/family	1.0	0.136
/c/en/porite	RelatedTo	/c/en/family	1.0	0.198
/c/en/beakfish	RelatedTo	/c/en/family	1.0	-0.019
/c/en/blenniid	RelatedTo	/c/en/family	1.0	0.119
/c/en/wife_giver	RelatedTo	/c/en/family	1.0	0.046
/c/en/guinea_plum	RelatedTo	/c/en/family	1.0	0.01
/c/en/family	HasContext	/c/en/slang	1.0	0.025
/c/en/glirid	RelatedTo	/c/en/family	1.0	-0.04
/c/en/tingid	RelatedTo	/c/en/family	1.0	0.028
/c/en/velvet_spider	RelatedTo	/c/en/family	1.0	-0.02
/c/en/menid	RelatedTo	/c/en/family	1.0	-0.044
/c/en/timaline	RelatedTo	/c/en/family	1.0	0.101
/c/en/duramycin	RelatedTo	/c/en/family	1.0	-0.024
/c/en/cinnamon_rumped_foliage_gleaner	RelatedTo	/c/en/family	1.0	-0.005
/c/en/morphan	RelatedTo	/c/en/family	1.0	0.018
/c/en/xenosaurid	RelatedTo	/c/en/family	1.0	-0.037
/c/en/friend	RelatedTo	/c/en/family	1.0	0.221
/c/en/child	PartOf	/c/en/family	1.0	0.187
/c/en/suprafamilial	RelatedTo	/c/en/family	1.0	0.062
/c/en/jumping_spider	RelatedTo	/c/en/family	1.0	0.016
/c/en/spider_wasp	RelatedTo	/c/en/family	1.0	-0.021
/c/en/distaff	RelatedTo	/c/en/family	1.0	0.015
/c/en/nyctaginaceous	RelatedTo	/c/en/family	1.0	-0.089
/c/en/omosudid	RelatedTo	/c/en/family	1.0	0.089
/c/en/star_cucumber	RelatedTo	/c/en/family	1.0	0.042
/c/en/convolvulaceous	RelatedTo	/c/en/family	1.0	0.37
/c/en/great_northern_diver	RelatedTo	/c/en/family	1.0	0.004
/c/en/disconnect	RelatedTo	/c/en/family	1.0	0.035
/c/en/confamilial	RelatedTo	/c/en/family	1.0	-0.049
/c/en/oleaceous	RelatedTo	/c/en/family	1.0	0.427
/c/en/woolly_worm	RelatedTo	/c/en/family	1.0	0.026
/c/en/gerrhosaurid	RelatedTo	/c/en/family	1.0	0.018
/c/en/alpheid	RelatedTo	/c/en/family	1.0	0.025
/c/en/family_day	DerivedFrom	/c/en/family	1.0	0.506
/c/en/gas_plant	RelatedTo	/c/en/family	1.0	0.012
/c/en/modiomorphid	RelatedTo	/c/en/family	1.0	0.041
/c/en/dynasty	RelatedTo	/c/en/family	1.0	0.232
/c/en/family_of_curves	DerivedFrom	/c/en/family	1.0	0.506
/c/en/rock_jumper	RelatedTo	/c/en/family	1.0	0.011
/c/en/family_man	DerivedFrom	/c/en/family	1.0	0.506
/c/en/house	UsedFor	/c/en/family	1.0	0.284
/c/en/decaline	RelatedTo	/c/en/family	1.0	-0.035
/c/en/betabaculovirus	RelatedTo	/c/en/family	1.0	-0.007
/c/en/kith_and_kin	RelatedTo	/c/en/family	1.0	0.246
/c/en/folie__familie	RelatedTo	/c/en/family	1.0	0.017
/c/en/familylike	RelatedTo	/c/en/family	1.0	0.709
/c/en/chaconine	RelatedTo	/c/en/family	1.0	-0.002
/c/en/wormfish	RelatedTo	/c/en/family	1.0	0.032
/c/en/megalopid	RelatedTo	/c/en/family	1.0	0.002
/c/en/monograptid	RelatedTo	/c/en/family	1.0	0.074
/c/en/extended_family	SimilarTo	/c/en/family	1.0	0.053
/c/en/folks	RelatedTo	/c/en/family	1.0	0.151
/c/en/flying_gurnard	RelatedTo	/c/en/family	1.0	0.007
/c/en/masarid	RelatedTo	/c/en/family	1.0	0.132
/c/en/epinepheline	RelatedTo	/c/en/family	1.0	0.083
/c/en/phytosaur	RelatedTo	/c/en/family	1.0	-0.025
/c/en/deathstalker	RelatedTo	/c/en/family	1.0	0.375
/c/en/petaurine	RelatedTo	/c/en/family	1.0	-0.014
/c/en/snook	RelatedTo	/c/en/family	1.0	0.062
/c/en/heath	RelatedTo	/c/en/family	1.0	-0.005
/c/en/snapping_turtle	RelatedTo	/c/en/family	1.0	0.223
/c/en/lakeweed	RelatedTo	/c/en/family	1.0	0.029
/c/en/siluridan	RelatedTo	/c/en/family	1.0	-0.002
/c/en/alydid	RelatedTo	/c/en/family	1.0	0.026
/c/en/suzhounese	RelatedTo	/c/en/family	1.0	-0.053
/c/en/family	CapableOf	/c/en/visit_at_thanksgiving	1.0	0.012
/c/en/merlucciid	RelatedTo	/c/en/family	1.0	0.054
/c/en/toyon	RelatedTo	/c/en/family	1.0	0.054
/c/en/emerald_green_snail	RelatedTo	/c/en/family	1.0	-0.041
/c/en/crucifer	RelatedTo	/c/en/family	1.0	0.128
/c/en/antbird	RelatedTo	/c/en/family	1.0	-0.02
/c/en/scrubwren	RelatedTo	/c/en/family	1.0	-0.02
/c/en/family	RelatedTo	/c/en/rank	1.0	0.008
/c/en/squash_bug	RelatedTo	/c/en/family	1.0	0.031
/c/en/man	RelatedTo	/c/en/family	1.0	0.058
/c/en/phlebovirus	RelatedTo	/c/en/family	1.0	-0.082
/c/en/notosudid	RelatedTo	/c/en/family	1.0	-0.0
/c/en/ardeid	RelatedTo	/c/en/family	1.0	0.017
/c/en/waxy_cap	RelatedTo	/c/en/family	1.0	0.006
/c/en/oikos	RelatedTo	/c/en/family	1.0	0.392
/c/en/terrapin	RelatedTo	/c/en/family	1.0	0.107
/c/en/person	AtLocation	/c/en/family	1.0	0.136
/c/en/digitalis	RelatedTo	/c/en/family	1.0	-0.009
/c/en/goldthread	RelatedTo	/c/en/family	1.0	-0.047
/c/en/badnavirus	RelatedTo	/c/en/family	1.0	0.037
/c/en/pocket_gopher	RelatedTo	/c/en/family	1.0	0.087
/c/en/alligatorfish	RelatedTo	/c/en/family	1.0	0.147
/c/en/asteraceous	RelatedTo	/c/en/family	1.0	0.349
/c/en/ephippid	RelatedTo	/c/en/family	1.0	-0.01
/c/en/familywise	RelatedTo	/c/en/family	1.0	0.709
/c/en/sebastokrator	RelatedTo	/c/en/family	1.0	-0.101
/c/en/turbinid	RelatedTo	/c/en/family	1.0	-0.006
/c/en/family	CapableOf	/c/en/eat_in_backyard	1.0	0.007
/c/en/mpingo	RelatedTo	/c/en/family	1.0	0.11
/c/en/family	CapableOf	/c/en/visit_zoo	1.0	0.012
/c/en/kobold	RelatedTo	/c/en/family	1.0	0.011
/c/en/mullet	RelatedTo	/c/en/family	1.0	0.063
/c/en/climbing_gourami	RelatedTo	/c/en/family	1.0	-0.022
/c/en/sea_ruffe	RelatedTo	/c/en/family	1.0	0.042
/c/en/family	CapableOf	/c/en/call_relatives	1.0	-0.035
/c/en/pseudotrichonotid	RelatedTo	/c/en/family	1.0	0.03
/c/en/bunchgrass	RelatedTo	/c/en/family	1.0	-0.022
/c/en/trogonophid	RelatedTo	/c/en/family	1.0	0.081
/c/en/lampyrine	RelatedTo	/c/en/family	1.0	0.039
/c/en/longfin	RelatedTo	/c/en/family	1.0	0.085
/c/en/poor_cod	RelatedTo	/c/en/family	1.0	-0.03
/c/en/flathead_mullet	RelatedTo	/c/en/family	1.0	0.032
/c/en/acanthoclinid	RelatedTo	/c/en/family	1.0	0.173
/c/en/leadplant	RelatedTo	/c/en/family	1.0	-0.135
/c/en/myna	RelatedTo	/c/en/family	1.0	-0.02
/c/en/familied	RelatedTo	/c/en/family	1.0	0.685
/c/en/false_banana	RelatedTo	/c/en/family	1.0	-0.063
/c/en/nofotane	RelatedTo	/c/en/family	1.0	0.073
/c/en/rotalite	RelatedTo	/c/en/family	1.0	0.082
/c/en/father_in_law	PartOf	/c/en/family	1.0	0.319
/c/en/jin	RelatedTo	/c/en/family	1.0	0.102
/c/en/anhimid	RelatedTo	/c/en/family	1.0	0.053
/c/en/family_leave	DerivedFrom	/c/en/family	1.0	0.506
/c/en/villa	RelatedTo	/c/en/family	1.0	0.201
/c/en/keep_it_in_family	DerivedFrom	/c/en/family	1.0	-0.005
/c/en/job's_tears	RelatedTo	/c/en/family	1.0	0.002
/c/en/secondborn	RelatedTo	/c/en/family	1.0	-0.059
/c/en/first_floor	UsedFor	/c/en/family	1.0	-0.003
/c/en/scaraboid	RelatedTo	/c/en/family	1.0	0.112
/c/en/chukotian	RelatedTo	/c/en/family	1.0	-0.055
/c/en/multifamily	DerivedFrom	/c/en/family	1.0	0.446
/c/en/lanternfly	RelatedTo	/c/en/family	1.0	0.054
/c/en/greater_adjutant	RelatedTo	/c/en/family	1.0	-0.007
/c/en/spring_snowflake	RelatedTo	/c/en/family	1.0	0.037
/c/en/hilsa	RelatedTo	/c/en/family	1.0	0.133
/c/en/halosaurid	RelatedTo	/c/en/family	1.0	0.066
/c/en/leptosomatid	RelatedTo	/c/en/family	1.0	0.04
/c/en/gulf_fritillary	RelatedTo	/c/en/family	1.0	-0.015
/c/en/xyridaceous	RelatedTo	/c/en/family	1.0	0.025
/c/en/rhyacichthyid	RelatedTo	/c/en/family	1.0	-0.004
/c/en/water_lily	RelatedTo	/c/en/family	1.0	-0.02
/c/en/kangaroo_paw	RelatedTo	/c/en/family	1.0	0.025
/c/en/reduvid	RelatedTo	/c/en/family	1.0	0.008
/c/en/genius_familiae	RelatedTo	/c/en/family	1.0	-0.005
/c/en/pirate_bug	RelatedTo	/c/en/family	1.0	-0.047
/c/en/lesser_crested_tern	RelatedTo	/c/en/family	1.0	-0.053
/c/en/papilionid	RelatedTo	/c/en/family	1.0	-0.02
/c/en/cymrite	RelatedTo	/c/en/family	1.0	-0.053
/c/en/grandrelation	RelatedTo	/c/en/family	1.0	0.212
/c/en/kigelia	RelatedTo	/c/en/family	1.0	-0.131
/c/en/mishpocha	RelatedTo	/c/en/family	1.0	0.063
/c/en/anomalure	RelatedTo	/c/en/family	1.0	0.04
/c/en/bromeliad	RelatedTo	/c/en/family	1.0	0.17
/c/en/masked_hunter	RelatedTo	/c/en/family	1.0	-0.023
/c/en/species	RelatedTo	/c/en/family	1.0	0.175
/c/en/spokane	RelatedTo	/c/en/family	1.0	0.019
/c/en/proband	RelatedTo	/c/en/family	1.0	0.027
/c/en/scolopacine	RelatedTo	/c/en/family	1.0	0.051
/c/en/wekiu_bug	RelatedTo	/c/en/family	1.0	-0.002
/c/en/blattellid	RelatedTo	/c/en/family	1.0	0.002
/c/en/vorticellid	RelatedTo	/c/en/family	1.0	0.091
/c/en/sturionian	RelatedTo	/c/en/family	1.0	0.023
/c/en/boxfish	RelatedTo	/c/en/family	1.0	0.059
/c/en/black_faced_ibis	RelatedTo	/c/en/family	1.0	0.089
/c/en/ichnofamily	RelatedTo	/c/en/family	1.0	0.26
/c/en/arowana	RelatedTo	/c/en/family	1.0	0.312
/c/en/diplodactylid	RelatedTo	/c/en/family	1.0	0.009
/c/en/court_circular	RelatedTo	/c/en/family	1.0	0.018
/c/en/star_jasmine	RelatedTo	/c/en/family	1.0	0.042
/c/en/lumpsucker	RelatedTo	/c/en/family	1.0	-0.069
/c/en/rasbora	RelatedTo	/c/en/family	1.0	0.296
/c/en/fam	RelatedTo	/c/en/family	1.0	0.503
/c/en/bloodflower	RelatedTo	/c/en/family	1.0	0.075
/c/en/sternbergia	RelatedTo	/c/en/family	1.0	-0.061
/c/en/unilineal	RelatedTo	/c/en/family	1.0	-0.019
/c/en/piety	RelatedTo	/c/en/family	1.0	0.091
/c/en/chukchian	RelatedTo	/c/en/family	1.0	-0.05
/c/en/wolf_lichen	RelatedTo	/c/en/family	1.0	0.262
/c/en/notacanthid	RelatedTo	/c/en/family	1.0	-0.023
/c/en/nanchon	RelatedTo	/c/en/family	1.0	-0.05
/c/en/alphanodavirus	RelatedTo	/c/en/family	1.0	0.033
/c/en/ostodolepid	RelatedTo	/c/en/family	1.0	0.035
/c/en/barreleye	RelatedTo	/c/en/family	1.0	-0.036
/c/en/baldmoney	RelatedTo	/c/en/family	1.0	-0.082
/c/en/gekkonid	RelatedTo	/c/en/family	1.0	0.185
/c/en/familyist	DerivedFrom	/c/en/family	1.0	0.709
/c/en/mon	RelatedTo	/c/en/family	1.0	0.068
/c/en/hipposiderid	RelatedTo	/c/en/family	1.0	0.027
/c/en/prominent_moth	RelatedTo	/c/en/family	1.0	-0.011
/c/en/cointersection	RelatedTo	/c/en/family	1.0	0.125
/c/en/pythonid	RelatedTo	/c/en/family	1.0	-0.008
/c/en/hopbush	RelatedTo	/c/en/family	1.0	-0.025
/c/en/suessiacean	RelatedTo	/c/en/family	1.0	0.001
/c/en/plumularia	RelatedTo	/c/en/family	1.0	0.056
/c/en/family	CapableOf	/c/en/include_four_children	1.0	0.085
/c/en/dermochelyid	RelatedTo	/c/en/family	1.0	0.075
/c/en/family	RelatedTo	/c/en/extended_family	1.0	0.053
/c/en/bladder_fern	RelatedTo	/c/en/family	1.0	0.071
/c/en/familist	DerivedFrom	/c/en/family	1.0	0.206
/c/en/bristlebill	RelatedTo	/c/en/family	1.0	0.051
/c/en/name_bearing_type	RelatedTo	/c/en/family	1.0	-0.03
/c/en/go_order	RelatedTo	/c/en/family	1.0	0.026
/c/en/baltic	RelatedTo	/c/en/family	1.0	-0.026
/c/en/family	IsA	/c/en/agent_non_geographical	1.0	-0.057
/c/en/family	CapableOf	/c/en/move_to_new_house	1.0	-0.037
/c/en/sipunculid	RelatedTo	/c/en/family	1.0	0.019
/c/en/family_dissident	DerivedFrom	/c/en/family	1.0	0.506
/c/en/perkinsid	RelatedTo	/c/en/family	1.0	-0.028
/c/en/nereidian	RelatedTo	/c/en/family	1.0	0.001
/c/en/leaffish	RelatedTo	/c/en/family	1.0	-0.001
/c/en/cotton_thistle	RelatedTo	/c/en/family	1.0	-0.092
/c/en/cyprinodontid	RelatedTo	/c/en/family	1.0	0.207
/c/en/pika	RelatedTo	/c/en/family	1.0	0.115
/c/en/sucker	RelatedTo	/c/en/family	1.0	0.019
/c/en/thogotovirus	RelatedTo	/c/en/family	1.0	-0.022
/c/en/family	IsA	/c/en/sword	1.0	-0.002
/c/en/porcellionid	RelatedTo	/c/en/family	1.0	0.117
/c/en/home	RelatedTo	/c/en/family	1.0	0.346
/c/en/megalomycterid	RelatedTo	/c/en/family	1.0	0.026
/c/en/family	HasContext	/c/en/taxonomy	1.0	0.129
/c/en/sistren	RelatedTo	/c/en/family	1.0	0.287
/c/en/porcupine	RelatedTo	/c/en/family	1.0	0.015
/c/en/sea_moth	RelatedTo	/c/en/family	1.0	0.042
/c/en/redbug	RelatedTo	/c/en/family	1.0	0.005
/c/en/geranium	RelatedTo	/c/en/family	1.0	-0.036
/c/en/bovid	RelatedTo	/c/en/family	1.0	0.079
/c/en/merfamily	DerivedFrom	/c/en/family	1.0	-0.001
/c/en/beroid	RelatedTo	/c/en/family	1.0	0.08
/c/en/genus	PartOf	/c/en/family	1.0	0.346
/c/en/ziphiid	RelatedTo	/c/en/family	1.0	0.035
/c/en/first_generation	RelatedTo	/c/en/family	1.0	0.139
/c/en/flagfish	RelatedTo	/c/en/family	1.0	0.003
/c/en/superfamily	DerivedFrom	/c/en/family	1.0	0.468
/c/en/thyine	RelatedTo	/c/en/family	1.0	0.001
/c/en/trumpetfish	RelatedTo	/c/en/family	1.0	-0.016
/c/en/family_household	IsA	/c/en/family	1.0	0.506
/c/en/marsh_mallow	RelatedTo	/c/en/family	1.0	-0.002
/c/en/t_form	RelatedTo	/c/en/family	1.0	-0.073
/c/en/summer_snowflake	RelatedTo	/c/en/family	1.0	-0.03
/c/en/cale	RelatedTo	/c/en/family	1.0	-0.017
/c/en/familyism	DerivedFrom	/c/en/family	1.0	0.709
/c/en/head_of_household	RelatedTo	/c/en/family	1.0	-0.002
/c/en/gallopheasant	RelatedTo	/c/en/family	1.0	0.003
/c/en/procellarian	RelatedTo	/c/en/family	1.0	0.027
/c/en/lar	RelatedTo	/c/en/family	1.0	0.048
/c/en/peachleaf_bellflower	RelatedTo	/c/en/family	1.0	0.056
/c/en/tineid	RelatedTo	/c/en/family	1.0	-0.075
/c/en/duck_billed_dinosaur	RelatedTo	/c/en/family	1.0	0.072
/c/en/sapotaceous	RelatedTo	/c/en/family	1.0	0.434
/c/en/ancestral_shrine	RelatedTo	/c/en/family	1.0	0.316
/c/en/atelid	RelatedTo	/c/en/family	1.0	-0.021
/c/en/trombone	RelatedTo	/c/en/family	1.0	-0.048
/c/en/dysfunctional	RelatedTo	/c/en/family	1.0	0.289
/c/en/lepadoid	RelatedTo	/c/en/family	1.0	0.116
/c/en/marry_out	RelatedTo	/c/en/family	1.0	0.103
/c/en/order	Synonym	/c/en/family	1.0	0.017
/c/en/jacamar	RelatedTo	/c/en/family	1.0	0.174
/c/en/bignoniaceous	RelatedTo	/c/en/family	1.0	0.256
/c/en/labiate	RelatedTo	/c/en/family	1.0	-0.058
/c/en/dynasticism	RelatedTo	/c/en/family	1.0	0.239
/c/en/family_rebellion	DerivedFrom	/c/en/family	1.0	0.472
/c/en/machilid	RelatedTo	/c/en/family	1.0	0.013
/c/en/blood_is_thicker_than_water	RelatedTo	/c/en/family	1.0	0.028
/c/en/enicocephalid	RelatedTo	/c/en/family	1.0	-0.059
/c/en/amaryllidaceous	RelatedTo	/c/en/family	1.0	0.387
/c/en/hoolock	RelatedTo	/c/en/family	1.0	0.045
/c/en/kaempferia	RelatedTo	/c/en/family	1.0	0.022
/c/en/tenrecid	RelatedTo	/c/en/family	1.0	0.041
/c/en/kraemeriid	RelatedTo	/c/en/family	1.0	0.005
/c/en/thirdborn	RelatedTo	/c/en/family	1.0	-0.059
/c/en/family	RelatedTo	/c/en/people	1.0	0.152
/c/en/muraenoid	RelatedTo	/c/en/family	1.0	0.12
/c/en/moderate_income_family	IsA	/c/en/family	1.0	-0.115
/c/en/eskaleutian	RelatedTo	/c/en/family	1.0	-0.058
/c/en/blowfly	RelatedTo	/c/en/family	1.0	0.088
/c/en/matrilocality	HasContext	/c/en/family	1.0	0.386
/c/en/confamilial	RelatedTo	/c/en/family	1.0	-0.049
/c/en/dance_fly	RelatedTo	/c/en/family	1.0	-0.015
/c/en/lip	RelatedTo	/c/en/family	1.0	-0.061
/c/en/oplegnathid	RelatedTo	/c/en/family	1.0	-0.013
/c/en/foul_one's_own_nest	RelatedTo	/c/en/family	1.0	0.001
/c/en/mumpreneur	RelatedTo	/c/en/family	1.0	0.031
/c/en/psittacid	RelatedTo	/c/en/family	1.0	-0.097
/c/en/alepocephalid	RelatedTo	/c/en/family	1.0	-0.041
/c/en/boragewort	RelatedTo	/c/en/family	1.0	0.013
/c/en/meropid	RelatedTo	/c/en/family	1.0	0.038
/c/en/fasciolariid	RelatedTo	/c/en/family	1.0	0.08
/c/en/familymoon	DerivedFrom	/c/en/family	1.0	0.709
/c/en/feather_legged_bug	RelatedTo	/c/en/family	1.0	-0.012
/c/en/abelisaurid	RelatedTo	/c/en/family	1.0	0.076
/c/en/amarantaceous	RelatedTo	/c/en/family	1.0	0.004
/c/en/true_frog	RelatedTo	/c/en/family	1.0	0.03
/c/en/child	AtLocation	/c/en/family	1.0	0.187
/c/en/macrofamily	RelatedTo	/c/en/family	1.0	-0.015
/c/en/mom_and_pop	RelatedTo	/c/en/family	1.0	0.908
/c/en/family	HasContext	/c/en/linguistics	1.0	-0.05
/c/en/linognathid	RelatedTo	/c/en/family	1.0	-0.003
/c/en/pterocarpan	RelatedTo	/c/en/family	1.0	0.159
/c/en/araliaceous	RelatedTo	/c/en/family	1.0	0.41
/c/en/tortoise	RelatedTo	/c/en/family	1.0	0.034
/c/en/antifamily	DerivedFrom	/c/en/family	1.0	-0.108
/c/en/surname	RelatedTo	/c/en/family	1.0	0.201
/c/en/grey_mullet	RelatedTo	/c/en/family	1.0	-0.092
/c/en/rockfowl	RelatedTo	/c/en/family	1.0	0.034
/c/en/anotopterid	RelatedTo	/c/en/family	1.0	0.016
/c/en/dactyloscopid	RelatedTo	/c/en/family	1.0	0.044
/c/en/pygmy_backswimmer	RelatedTo	/c/en/family	1.0	0.019
/c/en/maternal_aunt	RelatedTo	/c/en/family	1.0	0.27
/c/en/rainbowfish	RelatedTo	/c/en/family	1.0	0.232
/c/en/subfamily	RelatedTo	/c/en/family	1.0	0.505
/c/en/hepacivirus	RelatedTo	/c/en/family	1.0	-0.043
/c/en/first_family	DerivedFrom	/c/en/family	1.0	-0.003
/c/en/eskaleutic	RelatedTo	/c/en/family	1.0	-0.058
/c/en/nonfamily	RelatedTo	/c/en/family	1.0	-0.026
/c/en/fumewort	RelatedTo	/c/en/family	1.0	0.027
/c/en/middleborn	RelatedTo	/c/en/family	1.0	0.023
/c/en/every_grandfather	PartOf	/c/en/family	1.0	0.002
/c/en/gerrid	RelatedTo	/c/en/family	1.0	0.075
/c/en/pteropodid	RelatedTo	/c/en/family	1.0	0.083
/c/en/spanish_broom	RelatedTo	/c/en/family	1.0	0.05
/c/en/household	RelatedTo	/c/en/family	1.0	0.483
/c/en/family_planning	RelatedTo	/c/en/family	1.0	0.506
/c/en/anthericum	RelatedTo	/c/en/family	1.0	-0.026
/c/en/siphovirus	RelatedTo	/c/en/family	1.0	-0.053
/c/en/fagaceous	RelatedTo	/c/en/family	1.0	0.258
/c/en/eubelid	RelatedTo	/c/en/family	1.0	-0.007
/c/en/garamond	RelatedTo	/c/en/family	1.0	0.226
/c/en/amblyopsid	RelatedTo	/c/en/family	1.0	-0.039
/c/en/cycadaceous	RelatedTo	/c/en/family	1.0	0.156
/c/en/rhineurid	RelatedTo	/c/en/family	1.0	-0.032
/c/en/tortricid	RelatedTo	/c/en/family	1.0	0.316
/c/en/tinamou	RelatedTo	/c/en/family	1.0	0.141
/c/en/lopseed	RelatedTo	/c/en/family	1.0	-0.093
/c/en/family	ReceivesAction	/c/en/made_up_of_seperate_members	1.0	-0.127
/c/en/doliracetam	RelatedTo	/c/en/family	1.0	0.136
/c/en/campanularian	RelatedTo	/c/en/family	1.0	0.02
/c/en/clearwing	RelatedTo	/c/en/family	1.0	0.038
/c/en/pedophile	AtLocation	/c/en/family	1.0	0.193
/c/en/shortwing	RelatedTo	/c/en/family	1.0	-0.078
/c/en/virgularian	RelatedTo	/c/en/family	1.0	0.028
/c/en/subfamily	DerivedFrom	/c/en/family	1.0	0.505
/c/en/mirid	RelatedTo	/c/en/family	1.0	0.022
/c/en/vangid	RelatedTo	/c/en/family	1.0	0.039
/c/en/darter	RelatedTo	/c/en/family	1.0	0.084
/c/en/fangtooth	RelatedTo	/c/en/family	1.0	-0.003
/c/en/escharine	RelatedTo	/c/en/family	1.0	-0.034
/c/en/macdonald_polynomial	RelatedTo	/c/en/family	1.0	0.081
/c/en/scarab	RelatedTo	/c/en/family	1.0	0.05
/c/en/marchantiaceous	RelatedTo	/c/en/family	1.0	0.05
/c/en/lagerpetid	RelatedTo	/c/en/family	1.0	-0.039
/c/en/venus's_girdle	RelatedTo	/c/en/family	1.0	-0.02
/c/en/firepink	RelatedTo	/c/en/family	1.0	0.125
/c/en/fam_bam	RelatedTo	/c/en/family	1.0	0.439
/c/en/families	FormOf	/c/en/family	1.0	0.685
/c/en/eskimo_aleut	RelatedTo	/c/en/family	1.0	-0.033
/c/en/ambush_bug	RelatedTo	/c/en/family	1.0	-0.016
/c/en/mooi_jai	RelatedTo	/c/en/family	1.0	0.023
/c/en/lobeliaceous	RelatedTo	/c/en/family	1.0	0.035
/c/en/upupid	RelatedTo	/c/en/family	1.0	0.014
/c/en/wongi	RelatedTo	/c/en/family	1.0	0.006
/c/en/sea_perch	RelatedTo	/c/en/family	1.0	0.042
/c/en/trollius	RelatedTo	/c/en/family	1.0	-0.099
/c/en/tachyglossid	RelatedTo	/c/en/family	1.0	0.084
/c/en/lares_and_penates	RelatedTo	/c/en/family	1.0	0.205
/c/en/rostratulid	RelatedTo	/c/en/family	1.0	-0.027
/c/en/eomysticetid	RelatedTo	/c/en/family	1.0	0.052
/c/en/family	RelatedTo	/c/en/son	0.8839999999999999	0.264
/c/en/family	RelatedTo	/c/en/brother_sister	0.8260000000000001	0.261
/c/en/family	RelatedTo	/c/en/members	0.8180000000000001	0.322
/c/en/family	RelatedTo	/c/en/mum	0.8090000000000002	0.305
/c/en/car	RelatedTo	/c/en/family	0.7519999999999998	0.116
/c/en/family	RelatedTo	/c/en/relation	0.6859999999999999	0.137
/c/en/family	RelatedTo	/c/en/home_people	0.645	0.071
/c/en/family	RelatedTo	/c/en/house	0.601	0.284
/c/en/family	RelatedTo	/c/en/related_group	0.5869999999999997	0.052
/c/en/family	RelatedTo	/c/en/human	0.5840000000000001	0.045
/c/en/family	RelatedTo	/c/en/people_group	0.5739999999999998	0.043
/c/en/family	RelatedTo	/c/en/tree	0.5620000000000003	0.159
/c/en/family	RelatedTo	/c/en/together	0.5460000000000003	0.133
/c/en/family	RelatedTo	/c/en/father_mother	0.536	0.319
/c/en/family	RelatedTo	/c/en/parents_siblings	0.524	0.411
/c/en/boy	RelatedTo	/c/en/family	0.512	0.096
/c/en/family	RelatedTo	/c/en/you	0.5030000000000001	0.027
/c/en/family	RelatedTo	/c/en/people_unit	0.5009999999999999	0.043
/c/en/family	Synonym	/c/en/family	0.5	1.0
/c/en/family	Synonym	/c/en/family	0.5	1.0
/c/en/family	RelatedTo	/c/en/cousin	0.5	0.29
/c/en/family	RelatedTo	/c/en/uncles	0.484	0.334
/c/en/family	RelatedTo	/c/en/aunts_uncles	0.484	0.336
/c/en/family	RelatedTo	/c/en/aunts	0.484	0.336
/c/en/children	RelatedTo	/c/en/family	0.48099999999999987	0.241
/c/en/family	RelatedTo	/c/en/home_unit	0.4670000000000001	0.071
/c/en/pet	RelatedTo	/c/en/family	0.46099999999999985	0.107
/c/en/family	RelatedTo	/c/en/social_unit	0.45199999999999996	0.059
/c/en/family	RelatedTo	/c/en/organization	0.4460000000000002	0.152
/c/en/adopt	RelatedTo	/c/en/family	0.4450000000000003	0.074
/c/en/family	RelatedTo	/c/en/human_group	0.44399999999999995	-0.045
/c/en/family	Antonym	/c/en/strangers	0.43400000000000016	0.116
/c/en/family	RelatedTo	/c/en/mum_dad	0.42200000000000015	0.19
/c/en/family	RelatedTo	/c/en/relatives_group	0.3689999999999998	0.629
/c/en/family	RelatedTo	/c/en/all_relatives	0.36099999999999977	-0.093
/c/en/family	RelatedTo	/c/en/many_relatives	0.3490000000000002	0.086
/c/en/family	RelatedTo	/c/en/relationship	0.33999999999999986	0.151
/c/en/family	RelatedTo	/c/en/group_relatives	0.33599999999999985	0.132
/c/en/family	RelatedTo	/c/en/society	0.33199999999999985	0.246
/c/en/van	RelatedTo	/c/en/family	0.3290000000000002	0.072
/c/en/colony	RelatedTo	/c/en/family	0.3250000000000002	0.05
/c/en/family	Antonym	/c/en/single	0.3250000000000002	0.123
/c/en/family	RelatedTo	/c/en/houses	0.32299999999999995	0.198
/c/en/family	RelatedTo	/c/en/relative_group	0.31999999999999984	-0.047
/c/en/picture	RelatedTo	/c/en/family	0.31700000000000017	0.115
/c/en/family	RelatedTo	/c/en/social_structure	0.31400000000000006	0.058
/c/en/family	RelatedTo	/c/en/structure	0.31400000000000006	0.121
/c/en/family	RelatedTo	/c/en/social_group	0.30500000000000016	0.059
/c/en/child	RelatedTo	/c/en/family	0.3039999999999998	0.187
/c/en/family	RelatedTo	/c/en/genetic_group	0.3039999999999998	0.104
/c/en/family	RelatedTo	/c/en/genetic	0.3039999999999998	0.165
/c/en/family	RelatedTo	/c/en/closest_kin	0.30299999999999994	0.045
/c/en/family	RelatedTo	/c/en/closest	0.30299999999999994	0.045
/c/en/family	RelatedTo	/c/en/home_group	0.29400000000000004	0.008
/c/en/family	RelatedTo	/c/en/daughter	0.29300000000000015	0.349
/c/en/family	RelatedTo	/c/en/parents_kids	0.28900000000000015	0.411
/c/en/tribe	RelatedTo	/c/en/family	0.28800000000000026	0.25
/c/en/family	RelatedTo	/c/en/group_people	0.2869999999999999	0.132
/c/en/family	RelatedTo	/c/en/mother_brother	0.2650000000000001	0.041
/c/en/family	RelatedTo	/c/en/informal	0.262	0.033
/c/en/family	RelatedTo	/c/en/informal_organization	0.262	-0.005
/c/en/family	RelatedTo	/c/en/sister_brother	0.2509999999999999	0.14
/c/en/family_romance	EtymologicallyRelatedTo	/c/en/family	0.25	0.472
/c/en/family	EtymologicallyRelatedTo	/c/en/familie	0.25	0.685
/c/en/fambly	EtymologicallyRelatedTo	/c/en/family	0.25	0.732
/c/en/ilk	EtymologicallyRelatedTo	/c/en/family	0.25	0.065
/c/en/family	RelatedTo	/c/en/homes	0.24399999999999977	0.259
/c/en/family	RelatedTo	/c/en/friends_and	0.242	0.764
/c/en/family	RelatedTo	/c/en/friends	0.242	0.42
/c/en/family	RelatedTo	/c/en/clan	0.22999999999999998	0.489
/c/en/family	RelatedTo	/c/en/loved_ones	0.2280000000000002	0.524
/c/en/family	RelatedTo	/c/en/kin_group	0.2280000000000002	0.176
/c/en/family	RelatedTo	/c/en/ones	0.2280000000000002	0.034
/c/en/family	RelatedTo	/c/en/loved	0.2280000000000002	0.161
/c/en/name	RelatedTo	/c/en/family	0.22699999999999987	0.068
/c/en/family	RelatedTo	/c/en/grouping	0.2250000000000001	0.097
/c/en/family	RelatedTo	/c/en/relatives_relations	0.2240000000000002	0.629
/c/en/family	RelatedTo	/c/en/dwellers	0.22100000000000009	-0.007
/c/en/family	RelatedTo	/c/en/home_dwellers	0.22100000000000009	-0.004
/c/en/family	RelatedTo	/c/en/siblings_parents	0.22100000000000009	0.402
/c/en/family	RelatedTo	/c/en/children_parents	0.21899999999999986	0.167
/c/en/family	RelatedTo	/c/en/many_people	0.21899999999999986	0.095
/c/en/family	RelatedTo	/c/en/kinfolk	0.21899999999999986	0.491
/c/en/provide	RelatedTo	/c/en/family	0.21799999999999997	0.058
/c/en/family	RelatedTo	/c/en/house_people	0.21799999999999997	-0.03
/c/en/family	RelatedTo	/c/en/mom_son	0.2160000000000002	0.908
/c/en/vacation	RelatedTo	/c/en/family	0.21300000000000008	0.243
/c/en/leek	RelatedTo	/c/en/family	0.19600000000000017	0.011
/c/en/family	RelatedTo	/c/en/and_children	0.18800000000000017	-0.074
/c/en/family	RelatedTo	/c/en/relation_group	0.18699999999999983	0.139
/c/en/family	RelatedTo	/c/en/parent_kids	0.18599999999999994	0.207
/c/en/family	RelatedTo	/c/en/parent	0.18599999999999994	0.318
/c/en/family	RelatedTo	/c/en/immediate	0.18500000000000005	0.175
/c/en/family	RelatedTo	/c/en/immediate_relation	0.18500000000000005	0.1
/c/en/family	RelatedTo	/c/en/generations	0.17700000000000005	0.248
/c/en/family	RelatedTo	/c/en/collection	0.17700000000000005	0.08
/c/en/family	RelatedTo	/c/en/kids_parents	0.17700000000000005	0.207
/c/en/family	RelatedTo	/c/en/collection_kin	0.17700000000000005	0.063
/c/en/family	RelatedTo	/c/en/community	0.17499999999999982	0.251
/c/en/family	RelatedTo	/c/en/group_relations	0.17499999999999982	0.132
/c/en/household	RelatedTo	/c/en/family	0.17399999999999993	0.483
/c/en/stranger	Antonym	/c/en/family	0.17300000000000004	-0.008
/c/en/family	RelatedTo	/c/en/mother_son	0.17300000000000004	0.041
/c/en/family	RelatedTo	/c/en/relations_relatives	0.17300000000000004	0.144
/c/en/family	RelatedTo	/c/en/platonic	0.17300000000000004	0.105
/c/en/family	RelatedTo	/c/en/kinship	0.17300000000000004	0.359
/c/en/family	RelatedTo	/c/en/parental_group	0.17200000000000015	0.128
/c/en/family	RelatedTo	/c/en/parental	0.17200000000000015	0.328
/c/en/family	RelatedTo	/c/en/shared	0.17099999999999982	0.12
/c/en/family	RelatedTo	/c/en/father_son	0.17099999999999982	0.319
/c/en/family	RelatedTo	/c/en/mother_kids	0.17099999999999982	0.041
/c/en/family	RelatedTo	/c/en/shared_genetics	0.17099999999999982	0.008
/c/en/family	RelatedTo	/c/en/genetics	0.17099999999999982	0.142
/c/en/family	RelatedTo	/c/en/sister_mother	0.16999999999999993	0.14
/c/en/family	RelatedTo	/c/en/mod	0.16999999999999993	-0.069
/c/en/family	RelatedTo	/c/en/all_kin	0.16999999999999993	-0.071
/c/en/family	RelatedTo	/c/en/mod_dad	0.16999999999999993	-0.045
/c/en/generation	RelatedTo	/c/en/family	0.16900000000000004	0.246
/c/en/party	RelatedTo	/c/en/family	0.16900000000000004	0.11
/c/en/cousin	RelatedTo	/c/en/family	0.16900000000000004	0.29
/c/en/family	RelatedTo	/c/en/people_relatives	0.16699999999999982	0.043
/c/en/family	RelatedTo	/c/en/people_tree	0.16599999999999993	0.043
/c/en/family	RelatedTo	/c/en/dad_mom	0.16599999999999993	0.192
/c/en/family	RelatedTo	/c/en/people_together	0.16500000000000004	0.043
/c/en/uncle	RelatedTo	/c/en/family	0.16400000000000015	0.203
/c/en/family	RelatedTo	/c/en/several_members	0.16400000000000015	0.023
/c/en/family	RelatedTo	/c/en/several	0.16400000000000015	-0.026
/c/en/friend	DistinctFrom	/c/en/family	0.16199999999999992	0.221
/c/en/family	RelatedTo	/c/en/all_together	0.16199999999999992	-0.083
/c/en/noble	RelatedTo	/c/en/family	0.15200000000000014	0.055
/c/en/dynasty	RelatedTo	/c/en/family	0.1499999999999999	0.232
/c/en/family	RelatedTo	/c/en/daughter_dad	0.1459999999999999	0.346
/c/en/grandfather	RelatedTo	/c/en/family	0.14500000000000002	0.249
/c/en/family	RelatedTo	/c/en/four	0.1429999999999998	0.055
/c/en/family	RelatedTo	/c/en/four_people	0.1429999999999998	0.029
/c/en/family	RelatedTo	/c/en/each	0.14100000000000001	0.057
/c/en/family	RelatedTo	/c/en/each_other	0.14100000000000001	-0.028
/c/en/family	RelatedTo	/c/en/altogether	0.14100000000000001	0.002
/c/en/family	RelatedTo	/c/en/other	0.14100000000000001	0.013
/c/en/family	RelatedTo	/c/en/and_kids	0.1379999999999999	-0.116
/c/en/family	RelatedTo	/c/en/gathering_unit	0.137	-0.031
/c/en/family	RelatedTo	/c/en/gathering	0.137	0.1
/c/en/family	RelatedTo	/c/en/thanksgiving	0.1299999999999999	0.144
/c/en/family	RelatedTo	/c/en/bonding	0.125	0.132
/c/en/family	RelatedTo	/c/en/bonding_unit	0.125	0.132
/c/en/family	RelatedTo	/c/en/portrait	0.12199999999999989	0.105
/c/en/family	RelatedTo	/c/en/cousins	0.10499999999999998	0.338
/c/en/family	RelatedTo	/c/en/kin_relationship	0.10400000000000009	0.176
/c/en/family	RelatedTo	/c/en/relation_set	0.10400000000000009	0.139
/c/en/family	RelatedTo	/c/en/set	0.10400000000000009	0.057
/c/en/family	RelatedTo	/c/en/six	0.10400000000000009	-0.004
/c/en/family	RelatedTo	/c/en/brother_mom	0.10199999999999987	0.261
/c/en/gentle	RelatedTo	/c/en/family	0.10199999999999987	-0.031
/c/en/family	RelatedTo	/c/en/kin_relatives	0.10199999999999987	0.176
/c/en/family	RelatedTo	/c/en/house_group	0.10199999999999987	-0.03
/c/en/family	RelatedTo	/c/en/blood	0.10099999999999998	0.095
/c/en/family	RelatedTo	/c/en/blood_group	0.10099999999999998	0.028
/c/en/queen	RelatedTo	/c/en/family	0.10099999999999998	-0.03
