/c/en/floor	RelatedTo	/c/en/ground	7.785884663928691	0.432
/c/en/ground	RelatedTo	/c/en/floor	7.179972144792764	0.432
/c/en/floor	AtLocation	/c/en/table	6.928203230275509	0.226
/c/en/floor	AtLocation	/c/en/bed	6.32455532033676	0.261
/c/en/floor	UsedFor	/c/en/walk	6.32455532033676	0.141
/c/en/floor	RelatedTo	/c/en/carpet	5.7019294979857476	0.491
/c/en/floor	AtLocation	/c/en/carpet	5.656854249492381	0.491
/c/en/floor	AtLocation	/c/en/desk	4.898979485566356	0.279
/c/en/floor	RelatedTo	/c/en/surface	4.54752680036083	0.209
/c/en/cat	AtLocation	/c/en/floor	4.0	0.081
/c/en/floor	AtLocation	/c/en/closet	4.0	0.232
/c/en/floor	RelatedTo	/c/en/room	3.9084523791393435	0.382
/c/en/floor	RelatedTo	/c/en/under	3.617181222996713	0.106
/c/en/floor	RelatedTo	/c/en/walking	3.5105555115964204	0.116
/c/en/toys	AtLocation	/c/en/floor	3.4641016151377544	0.109
/c/en/linoleum	AtLocation	/c/en/floor	3.4641016151377544	0.544
/c/en/stage	RelatedTo	/c/en/floor	3.320240955111541	0.179
/c/en/floor	DistinctFrom	/c/en/ceiling	3.123459620356889	0.458
/c/en/floor	RelatedTo	/c/en/house	3.011312006418464	0.245
/c/en/floor	RelatedTo	/c/en/bottom	2.9725410005582766	0.155
/c/en/floor	AtLocation	/c/en/house	2.82842712474619	0.245
/c/en/floor	UsedFor	/c/en/walking_on	2.82842712474619	0.005
/c/en/tiles	AtLocation	/c/en/floor	2.82842712474619	0.515
/c/en/floor	RelatedTo	/c/en/wood	2.699629604223513	0.089
/c/en/floor	RelatedTo	/c/en/feet	2.668332812825267	0.286
/c/en/floor	Antonym	/c/en/ceiling	2.6107470195329157	0.458
/c/en/floor	RelatedTo	/c/en/ceiling	2.5479403446705735	0.458
/c/en/floor	RelatedTo	/c/en/beneath	2.437211521390788	0.139
/c/en/floor	RelatedTo	/c/en/standing	2.3358082113050287	0.095
/c/en/carpet	RelatedTo	/c/en/floor	2.31862027939031	0.491
/c/en/floor	RelatedTo	/c/en/tiles	2.209977375449803	0.515
/c/en/floor	RelatedTo	/c/en/tile	2.209977375449803	0.353
/c/en/floor	RelatedTo	/c/en/hardwood	2.2090722034374526	0.372
/c/en/floor	RelatedTo	/c/en/below	2.1945386758952328	0.149
/c/en/chair	AtLocation	/c/en/floor	2.0	0.185
/c/en/floor	IsA	/c/en/gathering	2.0	0.075
/c/en/truck_bed	IsA	/c/en/floor	2.0	-0.128
/c/en/parquet	IsA	/c/en/floor	2.0	0.548
/c/en/floor	PartOf	/c/en/room	2.0	0.382
/c/en/floor	IsA	/c/en/right	2.0	0.03
/c/en/base	Synonym	/c/en/floor	2.0	0.057
/c/en/ground_floor	IsA	/c/en/floor	2.0	0.561
/c/en/floor	HasProperty	/c/en/flat	2.0	0.285
/c/en/house	HasA	/c/en/floor	2.0	0.245
/c/en/floor	IsA	/c/en/structure	2.0	0.003
/c/en/ceiling	Antonym	/c/en/floor	2.0	0.458
/c/en/floorboard	IsA	/c/en/floor	2.0	0.6
/c/en/floor	Antonym	/c/en/ceiling	2.0	0.458
/c/en/floor	UsedFor	/c/en/standing_on	2.0	0.119
/c/en/floor	UsedFor	/c/en/sit_on	2.0	0.056
/c/en/floor	PartOf	/c/en/room	2.0	0.382
/c/en/floorboard	IsA	/c/en/floor	2.0	0.6
/c/en/loft	IsA	/c/en/floor	2.0	0.336
/c/en/storey	Synonym	/c/en/floor	2.0	0.57
/c/en/floor	AtLocation	/c/en/room	2.0	0.382
/c/en/floor	PartOf	/c/en/exchange	2.0	0.137
/c/en/floor	Antonym	/c/en/ceiling	2.0	0.458
/c/en/floor	HasProperty	/c/en/flat	2.0	0.285
/c/en/basement	IsA	/c/en/floor	2.0	0.446
/c/en/floor	IsA	/c/en/surface	2.0	0.209
/c/en/trading_floor	Synonym	/c/en/floor	2.0	0.047
/c/en/bell_deck	IsA	/c/en/floor	2.0	-0.092
/c/en/floor	Synonym	/c/en/shock	2.0	0.031
/c/en/used_condom	AtLocation	/c/en/floor	2.0	0.031
/c/en/floor	IsA	/c/en/gathering	2.0	0.075
/c/en/floor	IsA	/c/en/right	2.0	0.03
/c/en/floor	PartOf	/c/en/room	2.0	0.382
/c/en/floor	PartOf	/c/en/building	2.0	0.264
/c/en/floor	IsA	/c/en/structure	2.0	0.003
/c/en/kitten	AtLocation	/c/en/floor	2.0	0.049
/c/en/floor	IsA	/c/en/land	2.0	0.142
/c/en/ceiling	Antonym	/c/en/floor	2.0	0.458
/c/en/dance_floor	IsA	/c/en/floor	2.0	0.357
/c/en/feet	AtLocation	/c/en/floor	2.0	0.286
/c/en/mezzanine	IsA	/c/en/floor	2.0	0.496
/c/en/floor	UsedFor	/c/en/sit_on	2.0	0.056
/c/en/base	Synonym	/c/en/floor	2.0	0.057
/c/en/parquet	IsA	/c/en/floor	2.0	0.548
/c/en/floor	UsedFor	/c/en/standing_on	2.0	0.119
/c/en/wage_floor	IsA	/c/en/floor	2.0	0.053
/c/en/price_floor	IsA	/c/en/floor	2.0	-0.018
/c/en/floor	IsA	/c/en/horizontal_surface	2.0	0.079
/c/en/house	HasA	/c/en/floor	2.0	0.245
/c/en/ground_floor	IsA	/c/en/floor	2.0	0.561
/c/en/floor	RelatedTo	/c/en/inside	1.854	0.018
/c/en/floor	RelatedTo	/c/en/walk	1.7679999999999998	0.141
/c/en/floor	RelatedTo	/c/en/standing_on	1.758	0.119
/c/en/floor	RelatedTo	/c/en/walk_on	1.584	0.184
/c/en/floor	RelatedTo	/c/en/walking_on	1.5259999999999998	0.005
/c/en/floor	RelatedTo	/c/en/building	1.5230000000000001	0.264
/c/en/floor	RelatedTo	/c/en/walking_surface	1.5190000000000001	-0.047
/c/en/floor	RelatedTo	/c/en/rug	1.4699999999999998	0.398
/c/en/floor	RelatedTo	/c/en/under_feet	1.4689999999999999	-0.031
/c/en/floor	RelatedTo	/c/en/carpeted	1.262	0.651
/c/en/floor	RelatedTo	/c/en/buildings	1.2570000000000001	0.17
/c/en/floor	RelatedTo	/c/en/houses	1.226	0.188
/c/en/floor	RelatedTo	/c/en/beneath_carpet	1.221	0.139
/c/en/floor	RelatedTo	/c/en/inside_ground	1.21	0.016
/c/en/floor	RelatedTo	/c/en/covering	1.166	0.156
/c/en/floor	RelatedTo	/c/en/room_bottom	1.096	0.332
/c/en/floor	RelatedTo	/c/en/linoleum	1.0670000000000002	0.544
/c/en/sand	RelatedTo	/c/en/floor	1.032	0.094
/c/en/flatwork	RelatedTo	/c/en/floor	1.0	0.129
/c/en/floorlike	DerivedFrom	/c/en/floor	1.0	0.853
/c/en/fifth_wall	RelatedTo	/c/en/floor	1.0	0.188
/c/en/carpet_or_rug	AtLocation	/c/en/floor	1.0	0.248
/c/en/floorest	RelatedTo	/c/en/floor	1.0	0.645
/c/en/trapdoor	RelatedTo	/c/en/floor	1.0	0.181
/c/en/floorwise	RelatedTo	/c/en/floor	1.0	0.171
/c/en/shopfloor	DerivedFrom	/c/en/floor	1.0	0.262
/c/en/floorless	RelatedTo	/c/en/floor	1.0	0.853
/c/en/floor	HasContext	/c/en/mathematics	1.0	0.068
/c/en/smoker	RelatedTo	/c/en/floor	1.0	0.031
/c/en/ground	RelatedTo	/c/en/floor	1.0	0.432
/c/en/floor	AtLocation	/c/en/restaurant	1.0	0.059
/c/en/furniture	AtLocation	/c/en/floor	1.0	0.228
/c/en/screeder	RelatedTo	/c/en/floor	1.0	0.207
/c/en/floorhead	DerivedFrom	/c/en/floor	1.0	0.865
/c/en/floor	UsedFor	/c/en/dance_on	1.0	0.199
/c/en/wallball	RelatedTo	/c/en/floor	1.0	0.152
/c/en/mop_floor_with_someone	DerivedFrom	/c/en/floor	1.0	0.162
/c/en/box_bed	RelatedTo	/c/en/floor	1.0	0.036
/c/en/lippage	RelatedTo	/c/en/floor	1.0	0.026
/c/en/spirket	RelatedTo	/c/en/floor	1.0	0.063
/c/en/floor	RelatedTo	/c/en/ocean_floor	1.0	-0.068
/c/en/floorwards	DerivedFrom	/c/en/floor	1.0	0.171
/c/en/plancher	RelatedTo	/c/en/floor	1.0	0.376
/c/en/book	AtLocation	/c/en/floor	1.0	0.032
/c/en/flooring	RelatedTo	/c/en/floor	1.0	0.658
/c/en/floors	FormOf	/c/en/floor	1.0	0.844
/c/en/floorcovering	RelatedTo	/c/en/floor	1.0	0.865
/c/en/runghead	RelatedTo	/c/en/floor	1.0	0.214
/c/en/whalefall	RelatedTo	/c/en/floor	1.0	-0.01
/c/en/floor	UsedFor	/c/en/standing_upon	1.0	0.147
/c/en/floor	RelatedTo	/c/en/dance_floor	1.0	0.357
/c/en/clothing	AtLocation	/c/en/floor	1.0	0.008
/c/en/floorwork	DerivedFrom	/c/en/floor	1.0	0.171
/c/en/testudinatum	RelatedTo	/c/en/floor	1.0	0.042
/c/en/rasabox	RelatedTo	/c/en/floor	1.0	-0.056
/c/en/hemline	RelatedTo	/c/en/floor	1.0	0.079
/c/en/on_floor	RelatedTo	/c/en/floor	1.0	0.392
/c/en/floorperson	DerivedFrom	/c/en/floor	1.0	0.256
/c/en/entresol	RelatedTo	/c/en/floor	1.0	-0.069
/c/en/flat_store	RelatedTo	/c/en/floor	1.0	0.082
/c/en/floor	AtLocation	/c/en/synagogue	1.0	0.049
/c/en/floors	RelatedTo	/c/en/floor	1.0	0.844
/c/en/cap	Antonym	/c/en/floor	1.0	0.056
/c/en/floor	RelatedTo	/c/en/back_to_floor	1.0	-0.027
/c/en/upkick	RelatedTo	/c/en/floor	1.0	0.015
/c/en/buccal_pumping	RelatedTo	/c/en/floor	1.0	0.023
/c/en/floor	UsedFor	/c/en/preventing_things_from_falling	1.0	-0.008
/c/en/outside_gross_area	RelatedTo	/c/en/floor	1.0	-0.034
/c/en/lippage	RelatedTo	/c/en/floor	1.0	0.026
/c/en/floormate	RelatedTo	/c/en/floor	1.0	0.865
/c/en/floor	AtLocation	/c/en/type_of_room	1.0	0.162
/c/en/multifloored	RelatedTo	/c/en/floor	1.0	-0.005
/c/en/floor	RelatedTo	/c/en/flooring	1.0	0.658
/c/en/table	AtLocation	/c/en/floor	1.0	0.226
/c/en/fifth_wall	RelatedTo	/c/en/floor	1.0	0.188
/c/en/shoes	AtLocation	/c/en/floor	1.0	0.193
/c/en/floor	HasContext	/c/en/slang	1.0	0.018
/c/en/floor	UsedFor	/c/en/limit_minimum_value	1.0	0.027
/c/en/floor	Antonym	/c/en/ceil	1.0	0.302
/c/en/concretion	RelatedTo	/c/en/floor	1.0	0.098
/c/en/floor	AtLocation	/c/en/classroom	1.0	0.211
/c/en/whalefall	RelatedTo	/c/en/floor	1.0	-0.01
/c/en/floordrobe	DerivedFrom	/c/en/floor	1.0	0.865
/c/en/frontflip	RelatedTo	/c/en/floor	1.0	0.238
/c/en/floorless	DerivedFrom	/c/en/floor	1.0	0.853
/c/en/cap	Antonym	/c/en/floor	1.0	0.056
/c/en/floor	UsedFor	/c/en/standing_upon	1.0	0.147
/c/en/rung	RelatedTo	/c/en/floor	1.0	0.176
/c/en/sternsheets	RelatedTo	/c/en/floor	1.0	0.057
/c/en/pugging	RelatedTo	/c/en/floor	1.0	0.042
/c/en/microstylar	RelatedTo	/c/en/floor	1.0	0.023
/c/en/bean_bag_chair	AtLocation	/c/en/floor	1.0	0.044
/c/en/bread_crumb	AtLocation	/c/en/floor	1.0	0.202
/c/en/floor	RelatedTo	/c/en/floor_heating	1.0	0.516
/c/en/reflooring	RelatedTo	/c/en/floor	1.0	-0.001
/c/en/floor_walker	DerivedFrom	/c/en/floor	1.0	0.516
/c/en/floor	RelatedTo	/c/en/amaze	1.0	0.003
/c/en/floor	RelatedTo	/c/en/knock_down	1.0	0.069
/c/en/classroom	HasA	/c/en/floor	1.0	0.211
/c/en/floor	RelatedTo	/c/en/retort	1.0	-0.014
/c/en/oceanic_abyss	RelatedTo	/c/en/floor	1.0	-0.012
/c/en/floors	RelatedTo	/c/en/floor	1.0	0.844
/c/en/floors	FormOf	/c/en/floor	1.0	0.844
/c/en/uguisubari	RelatedTo	/c/en/floor	1.0	0.07
/c/en/upkick	RelatedTo	/c/en/floor	1.0	0.015
/c/en/floor	RelatedTo	/c/en/dance_floor	1.0	0.357
/c/en/floor	RelatedTo	/c/en/cap	1.0	0.056
/c/en/floor	ReceivesAction	/c/en/covered_with_carpet	1.0	-0.026
/c/en/entresol	RelatedTo	/c/en/floor	1.0	-0.069
/c/en/floored	RelatedTo	/c/en/floor	1.0	0.645
/c/en/carpet	RelatedTo	/c/en/floor	1.0	0.491
/c/en/on_floor	RelatedTo	/c/en/floor	1.0	0.392
/c/en/hemline	RelatedTo	/c/en/floor	1.0	0.079
/c/en/money	AtLocation	/c/en/floor	1.0	0.038
/c/en/floortime	DerivedFrom	/c/en/floor	1.0	0.865
/c/en/testudinatum	RelatedTo	/c/en/floor	1.0	0.042
/c/en/plan	RelatedTo	/c/en/floor	1.0	0.117
/c/en/floor	RelatedTo	/c/en/silence	1.0	-0.011
/c/en/floor	RelatedTo	/c/en/shop_floor	1.0	0.126
/c/en/bread_crumb	AtLocation	/c/en/floor	1.0	0.202
/c/en/spirket	RelatedTo	/c/en/floor	1.0	0.063
/c/en/clothing	AtLocation	/c/en/floor	1.0	0.008
/c/en/floor	RelatedTo	/c/en/ground_floor	1.0	0.561
/c/en/runghead	RelatedTo	/c/en/floor	1.0	0.214
/c/en/floorcovering	RelatedTo	/c/en/floor	1.0	0.865
/c/en/hypocaust	Synonym	/c/en/floor	1.0	0.581
/c/en/floor	RelatedTo	/c/en/floor_heating	1.0	0.516
/c/en/floorward	DerivedFrom	/c/en/floor	1.0	0.171
/c/en/flooring	RelatedTo	/c/en/floor	1.0	0.658
/c/en/floor	RelatedTo	/c/en/back_to_floor	1.0	-0.027
/c/en/floor_walker	DerivedFrom	/c/en/floor	1.0	0.516
/c/en/floor	RelatedTo	/c/en/knock_down	1.0	0.069
/c/en/money	AtLocation	/c/en/floor	1.0	0.038
/c/en/refloor	DerivedFrom	/c/en/floor	1.0	-0.001
/c/en/floors	FormOf	/c/en/floor	1.0	0.844
/c/en/floor	ReceivesAction	/c/en/lie_down	1.0	0.001
/c/en/uguisubari	RelatedTo	/c/en/floor	1.0	0.07
/c/en/floor	RelatedTo	/c/en/ocean_floor	1.0	-0.068
/c/en/floor	RelatedTo	/c/en/cap	1.0	0.056
/c/en/wallball	RelatedTo	/c/en/floor	1.0	0.152
/c/en/screeder	RelatedTo	/c/en/floor	1.0	0.207
/c/en/floor	UsedFor	/c/en/limit_minimum_value	1.0	0.027
/c/en/push_up	RelatedTo	/c/en/floor	1.0	-0.071
/c/en/floorplanning	DerivedFrom	/c/en/floor	1.0	0.256
/c/en/floorboard	RelatedTo	/c/en/floor	1.0	0.6
/c/en/floor	AtLocation	/c/en/restaurant	1.0	0.059
/c/en/floor	RelatedTo	/c/en/floor_plan	1.0	0.516
/c/en/floorless	RelatedTo	/c/en/floor	1.0	0.853
/c/en/furniture	AtLocation	/c/en/floor	1.0	0.228
/c/en/nonfloor	RelatedTo	/c/en/floor	1.0	0.075
/c/en/sofa	RelatedTo	/c/en/floor	1.0	0.253
/c/en/ground_floor_of_building	IsA	/c/en/floor	1.0	0.561
/c/en/floorhead	DerivedFrom	/c/en/floor	1.0	0.865
/c/en/floor	AtLocation	/c/en/classroom	1.0	0.211
/c/en/testudinatum	RelatedTo	/c/en/floor	1.0	0.042
/c/en/floorest	RelatedTo	/c/en/floor	1.0	0.645
/c/en/dirty_clothes	AtLocation	/c/en/floor	1.0	0.112
/c/en/dado_rail	RelatedTo	/c/en/floor	1.0	0.195
/c/en/floorwalking	DerivedFrom	/c/en/floor	1.0	0.171
/c/en/book	AtLocation	/c/en/floor	1.0	0.032
/c/en/floor	RelatedTo	/c/en/event	1.0	0.018
/c/en/box_bed	RelatedTo	/c/en/floor	1.0	0.036
/c/en/floor	HasContext	/c/en/finance	1.0	0.044
/c/en/bathroom_scales	RelatedTo	/c/en/floor	1.0	0.205
/c/en/floor	IsA	/c/en/dirty_vacuum_cleaning	1.0	0.112
/c/en/flooring	RelatedTo	/c/en/floor	1.0	0.658
/c/en/flooring	RelatedTo	/c/en/floor	1.0	0.658
/c/en/floorcare	DerivedFrom	/c/en/floor	1.0	0.865
/c/en/floorage	DerivedFrom	/c/en/floor	1.0	0.865
/c/en/wood_carpet	RelatedTo	/c/en/floor	1.0	-0.056
/c/en/find_downstairs	IsA	/c/en/floor	1.0	-0.038
/c/en/floorman	DerivedFrom	/c/en/floor	1.0	0.865
/c/en/dead_rise	RelatedTo	/c/en/floor	1.0	-0.07
/c/en/dutch_carpet	RelatedTo	/c/en/floor	1.0	0.089
/c/en/half_landing	RelatedTo	/c/en/floor	1.0	-0.05
/c/en/plan	RelatedTo	/c/en/floor	1.0	0.117
/c/en/butter_slide	RelatedTo	/c/en/floor	1.0	-0.052
/c/en/gain	RelatedTo	/c/en/floor	1.0	0.042
/c/en/floor	IsA	/c/en/person_supporting_object	1.0	-0.021
/c/en/floor	RelatedTo	/c/en/surprise	1.0	-0.017
/c/en/floorspace	DerivedFrom	/c/en/floor	1.0	0.611
/c/en/nonfloor	DerivedFrom	/c/en/floor	1.0	0.075
/c/en/story	RelatedTo	/c/en/floor	1.0	0.145
/c/en/floor_box	RelatedTo	/c/en/floor	1.0	0.516
/c/en/floorcloth	DerivedFrom	/c/en/floor	1.0	0.865
/c/en/money	AtLocation	/c/en/floor	1.0	0.038
/c/en/floorward	RelatedTo	/c/en/floor	1.0	0.171
/c/en/midfloor	RelatedTo	/c/en/floor	1.0	0.045
/c/en/floorplate	DerivedFrom	/c/en/floor	1.0	0.256
/c/en/newspaper	AtLocation	/c/en/floor	1.0	-0.033
/c/en/probably_dirty	AtLocation	/c/en/floor	1.0	0.028
/c/en/garpage	AtLocation	/c/en/floor	1.0	0.052
/c/en/cornfloor	DerivedFrom	/c/en/floor	1.0	0.018
/c/en/floorset	DerivedFrom	/c/en/floor	1.0	0.825
/c/en/valance	RelatedTo	/c/en/floor	1.0	0.024
/c/en/midfloor	DerivedFrom	/c/en/floor	1.0	0.045
/c/en/floorwork	RelatedTo	/c/en/floor	1.0	0.171
/c/en/floor	RelatedTo	/c/en/floorspace	1.0	0.611
/c/en/floor_length	RelatedTo	/c/en/floor	1.0	0.088
/c/en/floorwise	DerivedFrom	/c/en/floor	1.0	0.171
/c/en/floor	RelatedTo	/c/en/floor_cloth	1.0	0.451
/c/en/floorward	DerivedFrom	/c/en/floor	1.0	0.171
/c/en/roller_bed	RelatedTo	/c/en/floor	1.0	0.025
/c/en/floor	RelatedTo	/c/en/retort	1.0	-0.014
/c/en/multifloor	DerivedFrom	/c/en/floor	1.0	-0.005
/c/en/floor	HasProperty	/c/en/man_made	1.0	-0.035
/c/en/floor	UsedFor	/c/en/sitting_on	1.0	0.122
/c/en/floor	IsA	/c/en/wall	1.0	0.172
/c/en/floorcare	RelatedTo	/c/en/floor	1.0	0.865
/c/en/multifloor	RelatedTo	/c/en/floor	1.0	-0.005
/c/en/floor	HasContext	/c/en/nautical	1.0	0.024
/c/en/mezzanine	RelatedTo	/c/en/floor	1.0	0.496
/c/en/floorboard	RelatedTo	/c/en/floor	1.0	0.6
/c/en/floor	RelatedTo	/c/en/floor_cramp	1.0	0.451
/c/en/floorgrip	DerivedFrom	/c/en/floor	1.0	0.865
/c/en/floortime	DerivedFrom	/c/en/floor	1.0	0.865
/c/en/floors	FormOf	/c/en/floor	1.0	0.844
/c/en/floor	HasProperty	/c/en/level	1.0	0.373
/c/en/cornfloor	DerivedFrom	/c/en/floor	1.0	0.018
/c/en/vinolay	RelatedTo	/c/en/floor	1.0	0.005
/c/en/gain	RelatedTo	/c/en/floor	1.0	0.042
/c/en/walk_floor	DerivedFrom	/c/en/floor	1.0	0.117
/c/en/floor	AtLocation	/c/en/bus	1.0	0.002
/c/en/mezzanine	RelatedTo	/c/en/floor	1.0	0.496
/c/en/floor	RelatedTo	/c/en/integer	1.0	0.002
/c/en/floor	IsA	/c/en/horizontal_plane	1.0	0.042
/c/en/floor	RelatedTo	/c/en/story	1.0	0.145
/c/en/floor	RelatedTo	/c/en/furnish	1.0	0.083
/c/en/floor	RelatedTo	/c/en/exhibition	1.0	0.1
/c/en/stillage	RelatedTo	/c/en/floor	1.0	0.052
/c/en/floorage	DerivedFrom	/c/en/floor	1.0	0.865
/c/en/floormate	DerivedFrom	/c/en/floor	1.0	0.865
/c/en/floor	RelatedTo	/c/en/take_floor	1.0	-0.019
/c/en/floor	UsedFor	/c/en/walking	1.0	0.116
/c/en/floor_box	RelatedTo	/c/en/floor	1.0	0.516
/c/en/entier	Synonym	/c/en/floor	1.0	0.25
/c/en/flooring	FormOf	/c/en/floor	1.0	0.658
/c/en/downcutting	RelatedTo	/c/en/floor	1.0	0.121
/c/en/floorcloth	DerivedFrom	/c/en/floor	1.0	0.865
/c/en/floormat	DerivedFrom	/c/en/floor	1.0	0.865
/c/en/showfloor	DerivedFrom	/c/en/floor	1.0	0.078
/c/en/refloor	RelatedTo	/c/en/floor	1.0	-0.001
/c/en/flabbergast	Synonym	/c/en/floor	1.0	0.044
/c/en/cervicobregmatic	RelatedTo	/c/en/floor	1.0	0.044
/c/en/subfloor	RelatedTo	/c/en/floor	1.0	0.68
/c/en/underdrift	RelatedTo	/c/en/floor	1.0	0.139
/c/en/floor	HasContext	/c/en/driving	1.0	-0.04
/c/en/flooreth	RelatedTo	/c/en/floor	1.0	0.645
/c/en/semianechoic	RelatedTo	/c/en/floor	1.0	0.03
/c/en/dirt	AtLocation	/c/en/floor	1.0	0.2
/c/en/floor	UsedFor	/c/en/setting_solid_objects_on	1.0	-0.011
/c/en/floors	RelatedTo	/c/en/floor	1.0	0.844
/c/en/machine_room	RelatedTo	/c/en/floor	1.0	0.008
/c/en/floor	RelatedTo	/c/en/seafloor	1.0	0.293
/c/en/floor	RelatedTo	/c/en/convention	1.0	0.166
/c/en/seamount	RelatedTo	/c/en/floor	1.0	0.124
/c/en/earth_floor	RelatedTo	/c/en/floor	1.0	0.083
/c/en/floor	HasContext	/c/en/gymnastics	1.0	0.178
/c/en/floor	ReceivesAction	/c/en/found_in_house	1.0	0.017
/c/en/floor	UsedFor	/c/en/stand_on	1.0	-0.013
/c/en/garbage	AtLocation	/c/en/floor	1.0	-0.0
/c/en/oceanography	RelatedTo	/c/en/floor	1.0	0.077
/c/en/floorwise	RelatedTo	/c/en/floor	1.0	0.171
/c/en/deckscrub	RelatedTo	/c/en/floor	1.0	0.271
/c/en/floor	MadeOf	/c/en/wood	1.0	0.089
/c/en/cinemuck	RelatedTo	/c/en/floor	1.0	-0.015
/c/en/floorboard	DerivedFrom	/c/en/floor	1.0	0.6
/c/en/ashlaring	RelatedTo	/c/en/floor	1.0	0.075
/c/en/floor	RelatedTo	/c/en/top_floor	1.0	-0.042
/c/en/tatami	RelatedTo	/c/en/floor	1.0	0.388
/c/en/fire_block	RelatedTo	/c/en/floor	1.0	-0.048
/c/en/floor	RelatedTo	/c/en/ground	1.0	0.432
/c/en/floordrobe	RelatedTo	/c/en/floor	1.0	0.865
/c/en/floor	AtLocation	/c/en/store	1.0	0.083
/c/en/bridging	RelatedTo	/c/en/floor	1.0	0.012
/c/en/planching	RelatedTo	/c/en/floor	1.0	0.235
/c/en/multilevel	RelatedTo	/c/en/floor	1.0	0.295
/c/en/floor	IsA	/c/en/indoor_location	1.0	0.075
/c/en/floor	HasProperty	/c/en/wet	1.0	0.153
/c/en/upstairs	RelatedTo	/c/en/floor	1.0	0.5
/c/en/seabed	RelatedTo	/c/en/floor	1.0	0.269
/c/en/batten	AtLocation	/c/en/floor	1.0	0.043
/c/en/floor	RelatedTo	/c/en/storey	1.0	0.57
/c/en/bedroom	HasA	/c/en/floor	1.0	0.338
/c/en/seafloor	DerivedFrom	/c/en/floor	1.0	0.293
/c/en/storey	RelatedTo	/c/en/floor	1.0	0.57
/c/en/parquet	RelatedTo	/c/en/floor	1.0	0.548
/c/en/tile	AtLocation	/c/en/floor	1.0	0.353
/c/en/floor	HasContext	/c/en/mining	1.0	0.0
/c/en/dumbwaiter	RelatedTo	/c/en/floor	1.0	0.324
/c/en/floor	IsA	/c/en/what_walk_on_indoors	1.0	0.029
/c/en/paper	AtLocation	/c/en/floor	1.0	0.021
/c/en/floor	AtLocation	/c/en/library	1.0	0.07
/c/en/dropped	AtLocation	/c/en/floor	1.0	0.129
/c/en/floor	RelatedTo	/c/en/dance_floor	1.0	0.357
/c/en/floor	HasProperty	/c/en/dirty	1.0	0.183
/c/en/political_opposition	RelatedTo	/c/en/floor	1.0	-0.072
/c/en/mat	RelatedTo	/c/en/floor	1.0	0.343
/c/en/floor	RelatedTo	/c/en/finish	1.0	0.094
/c/en/hearth	RelatedTo	/c/en/floor	1.0	0.164
/c/en/pony_wall	RelatedTo	/c/en/floor	1.0	-0.1
/c/en/house_floor	RelatedTo	/c/en/floor	1.0	0.061
/c/en/floor	RelatedTo	/c/en/cover	1.0	0.134
/c/en/floorpan	DerivedFrom	/c/en/floor	1.0	0.256
/c/en/stairs	RelatedTo	/c/en/floor	1.0	0.483
/c/en/story	CapableOf	/c/en/floor	1.0	0.145
/c/en/floor	RelatedTo	/c/en/first_floor	1.0	0.037
/c/en/wall_to_wall	RelatedTo	/c/en/floor	1.0	0.15
/c/en/floor	HasProperty	/c/en/sticky	1.0	0.188
/c/en/crumb	AtLocation	/c/en/floor	1.0	0.093
/c/en/basement	RelatedTo	/c/en/floor	1.0	0.446
/c/en/floorpan	RelatedTo	/c/en/floor	1.0	0.256
/c/en/floor	HasContext	/c/en/mathematics	1.0	0.068
/c/en/stage	RelatedTo	/c/en/floor	1.0	0.179
/c/en/floors	FormOf	/c/en/floor	1.0	0.844
/c/en/floorhead	RelatedTo	/c/en/floor	1.0	0.865
/c/en/sleeping_dog	AtLocation	/c/en/floor	1.0	-0.018
/c/en/floorspace	RelatedTo	/c/en/floor	1.0	0.611
/c/en/dirty_sock	AtLocation	/c/en/floor	1.0	0.112
/c/en/transition_strip	RelatedTo	/c/en/floor	1.0	0.07
/c/en/floorwoman	DerivedFrom	/c/en/floor	1.0	0.171
/c/en/floor	RelatedTo	/c/en/strike_down	1.0	-0.07
/c/en/barnfloor	RelatedTo	/c/en/floor	1.0	0.028
/c/en/floor	RelatedTo	/c/en/second_floor	1.0	0.065
/c/en/fl	RelatedTo	/c/en/floor	1.0	0.125
/c/en/floor	RelatedTo	/c/en/thirteenth_floor	1.0	0.229
/c/en/floor	UsedFor	/c/en/walking_upon	1.0	0.005
/c/en/floor	AtLocation	/c/en/all_buildings	1.0	0.048
/c/en/floor	RelatedTo	/c/en/accelerate	1.0	-0.009
/c/en/hatch	RelatedTo	/c/en/floor	1.0	0.146
/c/en/spider	AtLocation	/c/en/floor	1.0	0.078
/c/en/floor	RelatedTo	/c/en/hard	0.9380000000000002	0.076
/c/en/floor	RelatedTo	/c/en/base	0.9159999999999999	0.057
/c/en/floor	RelatedTo	/c/en/boards	0.8449999999999998	0.162
/c/en/floor	RelatedTo	/c/en/on_ground	0.8330000000000002	0.062
/c/en/floor	RelatedTo	/c/en/indoor_ground	0.8260000000000001	0.075
/c/en/floor	RelatedTo	/c/en/indoor	0.8260000000000001	0.19
/c/en/floor	RelatedTo	/c/en/underfoot	0.8250000000000002	0.295
/c/en/floor	RelatedTo	/c/en/in_house	0.7709999999999999	-0.023
/c/en/floor	Antonym	/c/en/roof	0.714	0.337
/c/en/floor	RelatedTo	/c/en/foot	0.6989999999999998	0.195
/c/en/basement	RelatedTo	/c/en/floor	0.6989999999999998	0.446
/c/en/floor	RelatedTo	/c/en/below_you	0.6920000000000002	0.274
/c/en/drop	RelatedTo	/c/en/floor	0.6819999999999999	0.099
/c/en/floor	RelatedTo	/c/en/carpeting	0.677	0.496
/c/en/floor	RelatedTo	/c/en/under_carpet	0.6749999999999998	-0.079
/c/en/floor	RelatedTo	/c/en/part	0.6719999999999997	0.134
/c/en/floor	RelatedTo	/c/en/ground_covering	0.6710000000000003	0.191
/c/en/floor	RelatedTo	/c/en/walked_on	0.6459999999999999	0.18
/c/en/floor	RelatedTo	/c/en/walked	0.6459999999999999	0.18
/c/en/level	RelatedTo	/c/en/floor	0.645	0.373
/c/en/floor	RelatedTo	/c/en/planks	0.633	0.341
/c/en/floor	DistinctFrom	/c/en/roof	0.629	0.337
/c/en/floor	RelatedTo	/c/en/carpet_on	0.6029999999999998	0.248
/c/en/floor	RelatedTo	/c/en/walls	0.597	0.278
/c/en/slip	RelatedTo	/c/en/floor	0.5939999999999999	0.051
/c/en/floor	RelatedTo	/c/en/us	0.581	0.013
/c/en/floor	RelatedTo	/c/en/ground_surface	0.556	0.191
/c/en/mat	RelatedTo	/c/en/floor	0.556	0.343
/c/en/floor	RelatedTo	/c/en/basis	0.5499999999999998	0.125
/c/en/wall	RelatedTo	/c/en/floor	0.5449999999999999	0.172
/c/en/floor	RelatedTo	/c/en/under_you	0.544	-0.079
/c/en/floor	RelatedTo	/c/en/under_foot	0.54	-0.031
/c/en/floor	RelatedTo	/c/en/level	0.536	0.373
/c/en/wax	RelatedTo	/c/en/floor	0.5169999999999999	0.094
/c/en/floor	RelatedTo	/c/en/under_rug	0.5169999999999999	-0.079
/c/en/wood	RelatedTo	/c/en/floor	0.5030000000000001	0.089
/c/en/floor	Synonym	/c/en/floor	0.5	1.0
/c/en/floor	RelatedTo	/c/en/tiles_carpet	0.492	0.515
/c/en/court	RelatedTo	/c/en/floor	0.4889999999999999	0.092
/c/en/deck	RelatedTo	/c/en/floor	0.4870000000000001	0.325
/c/en/floor	RelatedTo	/c/en/stand_on	0.476	-0.013
/c/en/floor	RelatedTo	/c/en/stand	0.476	0.073
/c/en/floor	RelatedTo	/c/en/rooms	0.4750000000000001	0.345
/c/en/floor	RelatedTo	/c/en/down	0.4630000000000001	0.162
/c/en/floor	RelatedTo	/c/en/in_buildings	0.43599999999999994	-0.026
/c/en/floor	RelatedTo	/c/en/home	0.42399999999999993	0.092
/c/en/floor	RelatedTo	/c/en/tiled	0.4169999999999998	0.418
/c/en/rug	RelatedTo	/c/en/floor	0.41300000000000026	0.398
/c/en/floor	RelatedTo	/c/en/wood_boards	0.41100000000000003	0.076
/c/en/floor	RelatedTo	/c/en/in_houses	0.40600000000000014	-0.023
/c/en/floor	RelatedTo	/c/en/homes	0.4039999999999999	0.021
/c/en/floor	RelatedTo	/c/en/below_us	0.403	0.274
/c/en/floor	RelatedTo	/c/en/roof	0.4009999999999998	0.337
/c/en/floor	RelatedTo	/c/en/wall	0.379	0.172
/c/en/floor	RelatedTo	/c/en/beneath_you	0.3570000000000002	0.139
/c/en/floor	RelatedTo	/c/en/near_feet	0.3540000000000001	-0.052
/c/en/floor	DistinctFrom	/c/en/walls	0.3540000000000001	0.278
/c/en/floor	RelatedTo	/c/en/beneath_feet	0.351	0.139
/c/en/room	RelatedTo	/c/en/floor	0.34399999999999986	0.382
/c/en/floor	RelatedTo	/c/en/room_surface	0.34299999999999997	0.332
/c/en/floor	RelatedTo	/c/en/underneath	0.3290000000000002	0.174
/c/en/gymnastics	RelatedTo	/c/en/floor	0.32299999999999995	0.178
/c/en/floor	RelatedTo	/c/en/ground_level	0.31800000000000006	0.191
/c/en/floor	RelatedTo	/c/en/element	0.31599999999999984	-0.002
/c/en/floor	RelatedTo	/c/en/room_element	0.31599999999999984	0.332
/c/en/floor	RelatedTo	/c/en/ground_inside	0.30799999999999983	0.191
/c/en/floor	RelatedTo	/c/en/carpeted_surface	0.30699999999999994	0.651
/c/en/floor	RelatedTo	/c/en/hard_wood	0.30699999999999994	0.069
/c/en/floor	RelatedTo	/c/en/below_feet	0.30500000000000016	0.274
/c/en/floor	DistinctFrom	/c/en/carpet	0.2999999999999998	0.491
/c/en/floor	RelatedTo	/c/en/building_part	0.29499999999999993	0.08
/c/en/crawl	RelatedTo	/c/en/floor	0.29000000000000004	0.196
/c/en/floor	Antonym	/c/en/wall	0.2869999999999999	0.172
/c/en/floor	RelatedTo	/c/en/room_ground	0.28200000000000003	0.332
/c/en/floor	RelatedTo	/c/en/standing_surface	0.274	0.147
/c/en/floor	RelatedTo	/c/en/artificial	0.2709999999999999	-0.03
/c/en/floor	RelatedTo	/c/en/artificial_ground	0.2709999999999999	0.002
/c/en/floor	RelatedTo	/c/en/maybe	0.266	0.021
/c/en/floor	RelatedTo	/c/en/carpet_hardwood	0.2610000000000001	0.248
/c/en/floor	RelatedTo	/c/en/house_ground	0.258	0.061
/c/en/floor	RelatedTo	/c/en/room_base	0.2560000000000002	0.332
/c/en/floor	RelatedTo	/c/en/any_room	0.2509999999999999	-0.035
/c/en/floor	RelatedTo	/c/en/now	0.2509999999999999	0.048
/c/en/floor	RelatedTo	/c/en/any	0.2509999999999999	-0.006
/c/en/floor	RelatedTo	/c/en/right	0.2509999999999999	0.03
/c/en/floor	RelatedTo	/c/en/right_now	0.2509999999999999	0.032
/c/en/dance_floor	EtymologicallyRelatedTo	/c/en/floor	0.25	0.357
/c/en/floor	RelatedTo	/c/en/hardwood_carpet	0.242	0.315
/c/en/floor	RelatedTo	/c/en/pavement	0.2400000000000002	0.307
/c/en/floor	RelatedTo	/c/en/basement	0.2400000000000002	0.446
/c/en/bed	Antonym	/c/en/floor	0.2330000000000001	0.261
/c/en/floor	RelatedTo	/c/en/rug_under	0.2330000000000001	0.1
/c/en/floor	RelatedTo	/c/en/place	0.2250000000000001	0.185
/c/en/floor	RelatedTo	/c/en/standing_place	0.2250000000000001	0.147
/c/en/floor	RelatedTo	/c/en/hardwood_linoleum	0.2240000000000002	0.315
/c/en/floor	RelatedTo	/c/en/underneath_you	0.22199999999999998	0.174
/c/en/floor	RelatedTo	/c/en/carpet_ground	0.22100000000000009	0.248
/c/en/floor	RelatedTo	/c/en/hard_surface	0.2200000000000002	0.035
/c/en/floor	RelatedTo	/c/en/step_on	0.21799999999999997	0.167
/c/en/floor	RelatedTo	/c/en/step	0.21799999999999997	0.188
/c/en/floor	RelatedTo	/c/en/carpet_wood	0.21300000000000008	0.248
/c/en/floor	RelatedTo	/c/en/below_ceiling	0.21099999999999985	0.274
/c/en/floor	RelatedTo	/c/en/room_part	0.20900000000000007	0.332
/c/en/floor	RelatedTo	/c/en/carpet_tile	0.20900000000000007	0.248
/c/en/floor	RelatedTo	/c/en/indoors	0.20900000000000007	0.09
/c/en/feet	RelatedTo	/c/en/floor	0.20900000000000007	0.286
/c/en/floor	RelatedTo	/c/en/ground_indoors	0.20900000000000007	0.191
/c/en/department	RelatedTo	/c/en/floor	0.20800000000000018	-0.008
/c/en/floor	RelatedTo	/c/en/under_chair	0.20500000000000007	-0.079
/c/en/floor	RelatedTo	/c/en/chair	0.20500000000000007	0.185
/c/en/table	Antonym	/c/en/floor	0.20400000000000018	0.226
/c/en/floor	RelatedTo	/c/en/ground_cover	0.20000000000000018	0.191
/c/en/floor	RelatedTo	/c/en/cover	0.20000000000000018	0.134
/c/en/wall	Antonym	/c/en/floor	0.19799999999999995	0.172
/c/en/floor	RelatedTo	/c/en/stepped	0.19700000000000006	0.131
/c/en/floor	RelatedTo	/c/en/stepped_on	0.19700000000000006	0.001
/c/en/floor	RelatedTo	/c/en/bottom_wall	0.19399999999999995	-0.02
/c/en/floor	RelatedTo	/c/en/housing	0.19200000000000017	0.093
/c/en/floor	RelatedTo	/c/en/where	0.18400000000000016	0.087
/c/en/floor	RelatedTo	/c/en/where_walk	0.18400000000000016	0.285
/c/en/scale	RelatedTo	/c/en/floor	0.18400000000000016	0.109
/c/en/floor	RelatedTo	/c/en/all_houses	0.18299999999999983	0.024
/c/en/floor	RelatedTo	/c/en/below_rug	0.18199999999999994	0.274
/c/en/floor	RelatedTo	/c/en/beneath_us	0.17799999999999994	0.139
/c/en/floor	RelatedTo	/c/en/been_mopped	0.17600000000000016	-0.118
/c/en/floor	RelatedTo	/c/en/wood_planks	0.17600000000000016	0.122
/c/en/floor	RelatedTo	/c/en/mopped	0.17600000000000016	0.44
/c/en/floor	RelatedTo	/c/en/been	0.17600000000000016	-0.018
/c/en/floor	RelatedTo	/c/en/building_sections	0.17499999999999982	0.08
/c/en/floor	RelatedTo	/c/en/sections	0.17499999999999982	0.109
/c/en/floor	RelatedTo	/c/en/internal_ground	0.17300000000000004	-0.03
/c/en/polish	RelatedTo	/c/en/floor	0.17300000000000004	0.062
/c/en/floor	RelatedTo	/c/en/internal	0.17300000000000004	-0.049
/c/en/floor	RelatedTo	/c/en/down_beneath	0.17300000000000004	0.044
/c/en/floor	RelatedTo	/c/en/means	0.17099999999999982	-0.017
/c/en/floor	RelatedTo	/c/en/means_ground	0.17099999999999982	0.022
/c/en/floor	RelatedTo	/c/en/building_ground	0.17099999999999982	0.08
/c/en/floor	RelatedTo	/c/en/house_surface	0.17099999999999982	0.061
/c/en/floor	RelatedTo	/c/en/house_tiling	0.16900000000000004	0.061
/c/en/floor	RelatedTo	/c/en/house_bottom	0.16900000000000004	0.061
/c/en/floor	RelatedTo	/c/en/tiling	0.16900000000000004	0.312
/c/en/floor	RelatedTo	/c/en/tiles_on	0.16900000000000004	0.515
/c/en/floor	RelatedTo	/c/en/hardwood_planks	0.16900000000000004	0.315
/c/en/floor	RelatedTo	/c/en/on	0.16900000000000004	0.178
/c/en/floor	RelatedTo	/c/en/ceiling_ground	0.16800000000000015	0.475
/c/en/ceiling	Antonym	/c/en/floor	0.16800000000000015	0.458
/c/en/floor	RelatedTo	/c/en/house_part	0.16800000000000015	0.061
/c/en/asphalt	RelatedTo	/c/en/floor	0.16699999999999982	0.179
/c/en/floor	RelatedTo	/c/en/below_carpet	0.16699999999999982	0.274
/c/en/roof	Antonym	/c/en/floor	0.16500000000000004	0.337
/c/en/floor	RelatedTo	/c/en/stood	0.16400000000000015	0.065
/c/en/floor	RelatedTo	/c/en/stood_on	0.16400000000000015	0.065
/c/en/floor	RelatedTo	/c/en/under_furniture	0.16400000000000015	-0.031
/c/en/floor	RelatedTo	/c/en/furniture	0.16400000000000015	0.228
/c/en/floor	RelatedTo	/c/en/bottom_room	0.1629999999999998	-0.02
/c/en/floor	RelatedTo	/c/en/plane	0.16199999999999992	0.075
/c/en/floor	RelatedTo	/c/en/carpet_tiles	0.1589999999999998	0.248
/c/en/floor	RelatedTo	/c/en/for_walking	0.1589999999999998	-0.02
/c/en/floor	RelatedTo	/c/en/foot_surface	0.1589999999999998	0.14
/c/en/floor	RelatedTo	/c/en/room_bottoms	0.15300000000000002	0.332
/c/en/floor	RelatedTo	/c/en/bottoms	0.15300000000000002	0.07
/c/en/floor	RelatedTo	/c/en/rug_covers	0.15300000000000002	0.1
/c/en/floor	RelatedTo	/c/en/covers	0.15300000000000002	0.189
/c/en/floor	RelatedTo	/c/en/sometimes	0.15200000000000014	0.006
/c/en/floor	RelatedTo	/c/en/sometimes_tiled	0.15200000000000014	0.006
/c/en/floor	Antonym	/c/en/sky	0.15200000000000014	0.103
/c/en/floor	RelatedTo	/c/en/laminate	0.1469999999999998	0.205
/c/en/floor	RelatedTo	/c/en/wood_laminate	0.1469999999999998	0.076
/c/en/floor	RelatedTo	/c/en/wood_tile	0.1469999999999998	-0.033
/c/en/floor	RelatedTo	/c/en/rugs	0.1459999999999999	0.372
/c/en/floor	RelatedTo	/c/en/in_homes	0.1459999999999999	-0.023
/c/en/floor	RelatedTo	/c/en/material	0.14500000000000002	0.07
/c/en/foot	RelatedTo	/c/en/floor	0.14400000000000013	0.195
/c/en/land	RelatedTo	/c/en/floor	0.14400000000000013	0.142
/c/en/floor	RelatedTo	/c/en/tiles_maybe	0.14400000000000013	0.515
/c/en/floor	RelatedTo	/c/en/tile_hardwood	0.14400000000000013	0.432
/c/en/floor	RelatedTo	/c/en/carpets_rug	0.1429999999999998	0.403
/c/en/floor	RelatedTo	/c/en/carpets	0.1429999999999998	0.403
/c/en/floor	RelatedTo	/c/en/carpet_linoleum	0.1429999999999998	0.248
/c/en/floor	RelatedTo	/c/en/earth	0.1419999999999999	0.226
/c/en/bottom	RelatedTo	/c/en/floor	0.1419999999999999	0.155
/c/en/oyster	RelatedTo	/c/en/floor	0.1419999999999999	0.039
/c/en/floor	RelatedTo	/c/en/all_rooms	0.14100000000000001	-0.02
/c/en/building	RelatedTo	/c/en/floor	0.14100000000000001	0.264
/c/en/floor	RelatedTo	/c/en/tiles_wood	0.14000000000000012	0.515
/c/en/floor	RelatedTo	/c/en/flat	0.1349999999999998	0.285
/c/en/board	RelatedTo	/c/en/floor	0.1349999999999998	0.11
/c/en/floor	RelatedTo	/c/en/flat_surface	0.1349999999999998	0.082
/c/en/floor	RelatedTo	/c/en/wood_ground	0.133	0.076
/c/en/floor	RelatedTo	/c/en/under_feel	0.1299999999999999	-0.031
/c/en/floor	RelatedTo	/c/en/feel	0.1299999999999999	-0.008
/c/en/floor	RelatedTo	/c/en/under_wood	0.129	-0.043
/c/en/broom	RelatedTo	/c/en/floor	0.12699999999999978	0.191
/c/en/floor	RelatedTo	/c/en/wood_carpet	0.1259999999999999	-0.056
/c/en/floor	RelatedTo	/c/en/concrete	0.125	0.151
/c/en/ground	DistinctFrom	/c/en/floor	0.125	0.432
/c/en/floor	RelatedTo	/c/en/maybe_tile	0.12199999999999989	-0.043
/c/en/dance	RelatedTo	/c/en/floor	0.11100000000000021	0.182
/c/en/floor	RelatedTo	/c/en/potential	0.1070000000000002	0.027
/c/en/floor	RelatedTo	/c/en/standing_potential	0.1070000000000002	0.147
/c/en/floor	RelatedTo	/c/en/hardness	0.10499999999999998	0.027
/c/en/floor	RelatedTo	/c/en/tile_carpeting	0.10400000000000009	0.432
/c/en/floor	RelatedTo	/c/en/mat	0.10400000000000009	0.343
/c/en/floor	RelatedTo	/c/en/carpeted_base	0.10400000000000009	0.651
/c/en/main	RelatedTo	/c/en/floor	0.10199999999999987	0.103
/c/en/floor	RelatedTo	/c/en/carpet_beneath	0.10199999999999987	0.248
/c/en/vacuum	RelatedTo	/c/en/floor	0.10099999999999998	0.098
/c/en/floor	RelatedTo	/c/en/area	0.10099999999999998	0.099
/c/en/floor	RelatedTo	/c/en/carpeted_ground	0.10099999999999998	0.651
/c/en/floor	RelatedTo	/c/en/carpeted_area	0.10099999999999998	0.651
/c/en/floor	RelatedTo	/c/en/position	0.10099999999999998	0.085
/c/en/floor	RelatedTo	/c/en/carpet_position	0.10099999999999998	0.012
/c/en/floor	RelatedTo	/c/en/type	0.10000000000000009	0.103
/c/en/floor	RelatedTo	/c/en/type_ground	0.10000000000000009	0.126
