/c/en/organization	RelatedTo	/c/en/group	5.60357029044876	0.432
/c/en/company	RelatedTo	/c/en/organization	4.259107887809371	0.341
/c/en/cleaning_room	HasPrerequisite	/c/en/organization	3.4641016151377544	0.04
/c/en/organization	RelatedTo	/c/en/company	3.4117444218463957	0.341
/c/en/organization	IsA	/c/en/good_thing	2.82842712474619	0.286
/c/en/club	RelatedTo	/c/en/organization	2.437211521390788	0.34
/c/en/organization	RelatedTo	/c/en/people	2.042547429069886	0.104
/c/en/line_organization	IsA	/c/en/organization	2.0	-0.017
/c/en/orange_order	IsA	/c/en/organization	2.0	-0.016
/c/en/keeping_things_orderly_and_tidy	Causes	/c/en/organization	2.0	0.047
/c/en/organization	IsA	/c/en/social_group	2.0	0.13
/c/en/secessionist	IsA	/c/en/organization	2.0	0.125
/c/en/organisation	Synonym	/c/en/organization	2.0	0.784
/c/en/fiefdom	IsA	/c/en/organization	2.0	0.092
/c/en/order	IsA	/c/en/organization	2.0	0.013
/c/en/party	IsA	/c/en/organization	2.0	0.141
/c/en/organization	IsA	/c/en/administration	2.0	0.09
/c/en/association	IsA	/c/en/organization	2.0	0.568
/c/en/nonprofit_organization	IsA	/c/en/organization	2.0	0.705
/c/en/organization	IsA	/c/en/activity	2.0	0.092
/c/en/defense	IsA	/c/en/organization	2.0	0.015
/c/en/organization	IsA	/c/en/orderliness	2.0	0.127
/c/en/adhocracy	IsA	/c/en/organization	2.0	0.391
/c/en/organization	Synonym	/c/en/constitution	2.0	0.109
/c/en/blue	IsA	/c/en/organization	2.0	0.028
/c/en/terrorist_organization	IsA	/c/en/organization	2.0	0.689
/c/en/professional_organization	IsA	/c/en/organization	2.0	0.17
/c/en/organization	Synonym	/c/en/administration	2.0	0.09
/c/en/rationalization	IsA	/c/en/organization	2.0	0.112
/c/en/enterprise	IsA	/c/en/organization	2.0	0.237
/c/en/girl_scouts	IsA	/c/en/organization	2.0	0.579
/c/en/unit	IsA	/c/en/organization	2.0	0.13
/c/en/alliance	IsA	/c/en/organization	2.0	0.415
/c/en/host	IsA	/c/en/organization	2.0	0.053
/c/en/institution	IsA	/c/en/organization	2.0	0.314
/c/en/polity	IsA	/c/en/organization	2.0	0.072
/c/en/systematization	IsA	/c/en/organization	2.0	0.298
/c/en/file	UsedFor	/c/en/organization	2.0	0.061
/c/en/nongovernmental_organization	IsA	/c/en/organization	2.0	0.615
/c/en/quango	IsA	/c/en/organization	2.0	0.272
/c/en/force	IsA	/c/en/organization	2.0	0.093
/c/en/organisation	Synonym	/c/en/organization	2.0	0.784
/c/en/government	IsA	/c/en/organization	2.0	0.01
/c/en/territorialization	IsA	/c/en/organization	2.0	0.062
/c/en/state_sponsered	IsA	/c/en/organization	2.0	0.06
/c/en/federation	IsA	/c/en/organization	2.0	0.43
/c/en/white_supremacist	IsA	/c/en/organization	2.0	0.369
/c/en/pool	IsA	/c/en/organization	2.0	0.005
/c/en/machine	IsA	/c/en/organization	2.0	0.032
/c/en/tammany_hall	IsA	/c/en/organization	2.0	0.516
/c/en/syndication	IsA	/c/en/organization	2.0	0.169
/c/en/machine	IsA	/c/en/organization	2.0	0.032
/c/en/international_olympic_committee	IsA	/c/en/organization	2.0	0.111
/c/en/establishment	IsA	/c/en/organization	2.0	0.229
/c/en/organization	IsA	/c/en/activity	2.0	0.092
/c/en/file	UsedFor	/c/en/organization	2.0	0.061
/c/en/girl_scouts	IsA	/c/en/organization	2.0	0.579
/c/en/line_organization	IsA	/c/en/organization	2.0	-0.017
/c/en/host	IsA	/c/en/organization	2.0	0.053
/c/en/institution	IsA	/c/en/organization	2.0	0.314
/c/en/polity	IsA	/c/en/organization	2.0	0.072
/c/en/alliance	IsA	/c/en/organization	2.0	0.415
/c/en/association	IsA	/c/en/organization	2.0	0.568
/c/en/party	IsA	/c/en/organization	2.0	0.141
/c/en/blue	IsA	/c/en/organization	2.0	0.028
/c/en/tammany_hall	IsA	/c/en/organization	2.0	0.516
/c/en/rationalization	IsA	/c/en/organization	2.0	0.112
/c/en/systematization	IsA	/c/en/organization	2.0	0.298
/c/en/nonprofit_organization	IsA	/c/en/organization	2.0	0.705
/c/en/force	IsA	/c/en/organization	2.0	0.093
/c/en/organization	IsA	/c/en/orderliness	2.0	0.127
/c/en/government	IsA	/c/en/organization	2.0	0.01
/c/en/unit	IsA	/c/en/organization	2.0	0.13
/c/en/defense	IsA	/c/en/organization	2.0	0.015
/c/en/organization	RelatedTo	/c/en/business	1.9889999999999999	0.099
/c/en/organization	RelatedTo	/c/en/club	1.4809999999999999	0.34
/c/en/organization	RelatedTo	/c/en/order	1.479	0.013
/c/en/university	IsA	/c/en/organization	1.0	0.033
/c/en/checkbook_journalism	RelatedTo	/c/en/organization	1.0	0.243
/c/en/officer	RelatedTo	/c/en/organization	1.0	0.08
/c/en/golden_share	RelatedTo	/c/en/organization	1.0	-0.035
/c/en/famous_organization	IsA	/c/en/organization	1.0	0.041
/c/en/big_wheel	RelatedTo	/c/en/organization	1.0	0.118
/c/en/stable	RelatedTo	/c/en/organization	1.0	-0.018
/c/en/territorialization	IsA	/c/en/organization	1.0	0.062
/c/en/lebanese_shi	IsA	/c/en/organization	1.0	0.037
/c/en/bureaucracy	IsA	/c/en/organization	1.0	0.1
/c/en/uzbek_militants	IsA	/c/en/organization	1.0	0.028
/c/en/nongovernment	RelatedTo	/c/en/organization	1.0	0.33
/c/en/tajik_militants	IsA	/c/en/organization	1.0	0.034
/c/en/cyberorganization	RelatedTo	/c/en/organization	1.0	-0.085
/c/en/suborganization	DerivedFrom	/c/en/organization	1.0	-0.082
/c/en/columbian_guerilla	IsA	/c/en/organization	1.0	0.046
/c/en/talkshop	RelatedTo	/c/en/organization	1.0	-0.1
/c/en/colorum	RelatedTo	/c/en/organization	1.0	0.021
/c/en/organizations	RelatedTo	/c/en/organization	1.0	0.724
/c/en/nonstate	IsA	/c/en/organization	1.0	0.233
/c/en/terrorist_support_organization	IsA	/c/en/organization	1.0	0.346
/c/en/directory	RelatedTo	/c/en/organization	1.0	0.189
/c/en/recruit	RelatedTo	/c/en/organization	1.0	0.029
/c/en/big_wheel	RelatedTo	/c/en/organization	1.0	0.118
/c/en/collectivization	IsA	/c/en/organization	1.0	0.093
/c/en/cyberorganization	RelatedTo	/c/en/organization	1.0	-0.085
/c/en/entertainment_organization	IsA	/c/en/organization	1.0	0.009
/c/en/colorum	RelatedTo	/c/en/organization	1.0	0.021
/c/en/recruit	RelatedTo	/c/en/organization	1.0	0.029
/c/en/plantation_mentality	RelatedTo	/c/en/organization	1.0	-0.003
/c/en/labourism	RelatedTo	/c/en/organization	1.0	-0.063
/c/en/ethnic_protection	IsA	/c/en/organization	1.0	0.029
/c/en/umbrella_body	RelatedTo	/c/en/organization	1.0	0.217
/c/en/clientitis	RelatedTo	/c/en/organization	1.0	0.055
/c/en/uzbek_militants	IsA	/c/en/organization	1.0	0.028
/c/en/parachurch	RelatedTo	/c/en/organization	1.0	0.352
/c/en/group_for_celiac_disease	IsA	/c/en/organization	1.0	0.232
/c/en/demining_organization	IsA	/c/en/organization	1.0	0.07
/c/en/territorialization	IsA	/c/en/organization	1.0	0.062
/c/en/misorganization	DerivedFrom	/c/en/organization	1.0	0.05
/c/en/oasis	RelatedTo	/c/en/organization	1.0	0.137
/c/en/legal_corporation	IsA	/c/en/organization	1.0	-0.008
/c/en/big_kahuna	RelatedTo	/c/en/organization	1.0	0.214
/c/en/organization	RelatedTo	/c/en/group	1.0	0.432
/c/en/cryptocustodian	RelatedTo	/c/en/organization	1.0	-0.097
/c/en/university	IsA	/c/en/organization	1.0	0.033
/c/en/labor_union	IsA	/c/en/organization	1.0	0.005
/c/en/recruitment	RelatedTo	/c/en/organization	1.0	0.076
/c/en/spent_force	RelatedTo	/c/en/organization	1.0	-0.018
/c/en/educational_organization	IsA	/c/en/organization	1.0	0.088
/c/en/local_organization	IsA	/c/en/organization	1.0	0.023
/c/en/press_agent	RelatedTo	/c/en/organization	1.0	0.084
/c/en/decapitation	RelatedTo	/c/en/organization	1.0	-0.005
/c/en/gender_blind	RelatedTo	/c/en/organization	1.0	0.015
/c/en/rationalization	RelatedTo	/c/en/organization	1.0	0.112
/c/en/cohead	RelatedTo	/c/en/organization	1.0	0.163
/c/en/charter_member	RelatedTo	/c/en/organization	1.0	0.261
/c/en/beauty_cosmetics_organization	IsA	/c/en/organization	1.0	-0.022
/c/en/organicism	RelatedTo	/c/en/organization	1.0	0.241
/c/en/re_engineer	RelatedTo	/c/en/organization	1.0	-0.004
/c/en/viziometrics	RelatedTo	/c/en/organization	1.0	-0.096
/c/en/appropriator	RelatedTo	/c/en/organization	1.0	0.004
/c/en/human_resources	RelatedTo	/c/en/organization	1.0	0.145
/c/en/multiorganization	DerivedFrom	/c/en/organization	1.0	0.025
/c/en/classified	RelatedTo	/c/en/organization	1.0	0.002
/c/en/service_organization	IsA	/c/en/organization	1.0	0.043
/c/en/demonstrators	IsA	/c/en/organization	1.0	0.191
/c/en/air_academy	IsA	/c/en/organization	1.0	0.168
/c/en/organization	IsA	/c/en/action_performed_by_animals	1.0	0.074
/c/en/accounting	RelatedTo	/c/en/organization	1.0	0.059
/c/en/supervise	RelatedTo	/c/en/organization	1.0	0.019
/c/en/prosoplasia	RelatedTo	/c/en/organization	1.0	0.127
/c/en/know_nothing	RelatedTo	/c/en/organization	1.0	0.071
/c/en/term_limited_temporal_organization	IsA	/c/en/organization	1.0	-0.076
/c/en/systematization	RelatedTo	/c/en/organization	1.0	0.298
/c/en/circumlocution_office	RelatedTo	/c/en/organization	1.0	-0.018
/c/en/inorganize	RelatedTo	/c/en/organization	1.0	-0.045
/c/en/church	IsA	/c/en/organization	1.0	0.178
/c/en/leprosy_clinic	IsA	/c/en/organization	1.0	-0.004
/c/en/departmentation	RelatedTo	/c/en/organization	1.0	0.02
/c/en/underorganized	RelatedTo	/c/en/organization	1.0	0.062
/c/en/startup	RelatedTo	/c/en/organization	1.0	0.082
/c/en/horizontal_hostility	RelatedTo	/c/en/organization	1.0	0.001
/c/en/institute	RelatedTo	/c/en/organization	1.0	0.343
/c/en/air_academy	IsA	/c/en/organization	1.0	0.168
/c/en/loose_coupling	RelatedTo	/c/en/organization	1.0	0.129
/c/en/radical_religious	IsA	/c/en/organization	1.0	0.06
/c/en/military_organization	IsA	/c/en/organization	1.0	0.04
/c/en/enterprise_architecture	RelatedTo	/c/en/organization	1.0	0.277
/c/en/business_analyst	RelatedTo	/c/en/organization	1.0	0.119
/c/en/job_description	RelatedTo	/c/en/organization	1.0	0.205
/c/en/boycott	RelatedTo	/c/en/organization	1.0	0.139
/c/en/limited_liability_agent	IsA	/c/en/organization	1.0	0.147
/c/en/supervise	RelatedTo	/c/en/organization	1.0	0.019
/c/en/islamic_revolutionary	IsA	/c/en/organization	1.0	0.484
/c/en/prosoplasia	RelatedTo	/c/en/organization	1.0	0.127
/c/en/private_sector_organization	IsA	/c/en/organization	1.0	0.109
/c/en/london_weighting	RelatedTo	/c/en/organization	1.0	-0.058
/c/en/anti_aircraft	RelatedTo	/c/en/organization	1.0	-0.002
/c/en/keeping_things_orderly_and_tidy	UsedFor	/c/en/organization	1.0	0.047
/c/en/know_nothing	RelatedTo	/c/en/organization	1.0	0.071
/c/en/container	UsedFor	/c/en/organization	1.0	0.089
/c/en/beauty_cosmetics_organization	IsA	/c/en/organization	1.0	-0.022
/c/en/service_organization	IsA	/c/en/organization	1.0	0.043
/c/en/legislative_organization	IsA	/c/en/organization	1.0	-0.055
/c/en/armor_company	IsA	/c/en/organization	1.0	-0.001
/c/en/human_resources	RelatedTo	/c/en/organization	1.0	0.145
/c/en/injelititis	RelatedTo	/c/en/organization	1.0	-0.076
/c/en/self_directing_organization	IsA	/c/en/organization	1.0	0.072
/c/en/secretariat	IsA	/c/en/organization	1.0	0.173
/c/en/product_display_organization	IsA	/c/en/organization	1.0	0.035
/c/en/badge	RelatedTo	/c/en/organization	1.0	0.054
/c/en/shooto	RelatedTo	/c/en/organization	1.0	0.034
/c/en/conservancy	IsA	/c/en/organization	1.0	0.334
/c/en/bond_exchange	IsA	/c/en/organization	1.0	0.033
/c/en/employment_organization	IsA	/c/en/organization	1.0	0.003
/c/en/hunt	RelatedTo	/c/en/organization	1.0	0.044
/c/en/affinity_card	RelatedTo	/c/en/organization	1.0	0.146
/c/en/council	IsA	/c/en/organization	1.0	0.224
/c/en/inorganization	RelatedTo	/c/en/organization	1.0	-0.045
/c/en/recruitment	RelatedTo	/c/en/organization	1.0	0.076
/c/en/cyberorganization	DerivedFrom	/c/en/organization	1.0	-0.085
/c/en/charter_member	RelatedTo	/c/en/organization	1.0	0.261
/c/en/circuit_rider	RelatedTo	/c/en/organization	1.0	-0.154
/c/en/chapter	RelatedTo	/c/en/organization	1.0	0.256
/c/en/fishery	IsA	/c/en/organization	1.0	0.014
/c/en/softography	RelatedTo	/c/en/organization	1.0	0.01
/c/en/legislative_organization	IsA	/c/en/organization	1.0	-0.055
/c/en/fighting_war	HasPrerequisite	/c/en/organization	1.0	-0.043
/c/en/militia_led_mob	IsA	/c/en/organization	1.0	0.106
/c/en/boxing_organization	IsA	/c/en/organization	1.0	-0.045
/c/en/youth_organization	IsA	/c/en/organization	1.0	0.089
/c/en/vinexin	RelatedTo	/c/en/organization	1.0	0.042
/c/en/military_organization	IsA	/c/en/organization	1.0	0.04
/c/en/colorum	RelatedTo	/c/en/organization	1.0	0.021
/c/en/pastorate	RelatedTo	/c/en/organization	1.0	0.093
/c/en/supply_chain	RelatedTo	/c/en/organization	1.0	0.196
/c/en/keeping_things_orderly_and_tidy	HasPrerequisite	/c/en/organization	1.0	0.047
/c/en/marketizer	RelatedTo	/c/en/organization	1.0	-0.047
/c/en/internet_presence	RelatedTo	/c/en/organization	1.0	0.047
/c/en/doctrine	RelatedTo	/c/en/organization	1.0	0.012
/c/en/mai_mai_tribal_warriors	IsA	/c/en/organization	1.0	-0.046
/c/en/environmental_activist	IsA	/c/en/organization	1.0	0.055
/c/en/umbrella_body	RelatedTo	/c/en/organization	1.0	0.217
/c/en/marxist_organization	IsA	/c/en/organization	1.0	0.045
/c/en/nigerian_youth	IsA	/c/en/organization	1.0	-0.015
/c/en/offshorer	RelatedTo	/c/en/organization	1.0	0.023
/c/en/legal_hold	RelatedTo	/c/en/organization	1.0	-0.008
/c/en/uzbek_militants	IsA	/c/en/organization	1.0	0.028
/c/en/listing	IsA	/c/en/organization	1.0	0.097
/c/en/parachurch	RelatedTo	/c/en/organization	1.0	0.352
/c/en/ragged	RelatedTo	/c/en/organization	1.0	0.123
/c/en/independent_organization	IsA	/c/en/organization	1.0	0.07
/c/en/institute	IsA	/c/en/organization	1.0	0.343
/c/en/initiation_ceremony	RelatedTo	/c/en/organization	1.0	0.135
/c/en/paramilitary	IsA	/c/en/organization	1.0	0.253
/c/en/territorialization	IsA	/c/en/organization	1.0	0.062
/c/en/permission_slip	RelatedTo	/c/en/organization	1.0	0.065
/c/en/construction_company	IsA	/c/en/organization	1.0	0.056
/c/en/oasis	RelatedTo	/c/en/organization	1.0	0.137
/c/en/term_limited_temporal_organization	IsA	/c/en/organization	1.0	-0.076
/c/en/legal_corporation	IsA	/c/en/organization	1.0	-0.008
/c/en/systematization	RelatedTo	/c/en/organization	1.0	0.298
/c/en/yemeni_tribesmen	IsA	/c/en/organization	1.0	0.114
/c/en/big_kahuna	RelatedTo	/c/en/organization	1.0	0.214
/c/en/international_agent	IsA	/c/en/organization	1.0	0.067
/c/en/governmental_organization	IsA	/c/en/organization	1.0	0.578
/c/en/paramilitary	IsA	/c/en/organization	1.0	0.253
/c/en/shake_up	IsA	/c/en/organization	1.0	0.09
/c/en/former_contra_guerillas	IsA	/c/en/organization	1.0	-0.001
/c/en/university	IsA	/c/en/organization	1.0	0.033
/c/en/ethical	RelatedTo	/c/en/organization	1.0	0.11
/c/en/community_interest_company	RelatedTo	/c/en/organization	1.0	0.277
/c/en/shake_up	IsA	/c/en/organization	1.0	0.09
/c/en/kashmir_rebels	IsA	/c/en/organization	1.0	-0.011
/c/en/mainframe	RelatedTo	/c/en/organization	1.0	0.002
/c/en/socialist_organization	IsA	/c/en/organization	1.0	0.036
/c/en/muslim_rebels	IsA	/c/en/organization	1.0	-0.088
/c/en/natural_person	RelatedTo	/c/en/organization	1.0	-0.024
/c/en/anti_jesuit	IsA	/c/en/organization	1.0	0.047
/c/en/walk_plank	RelatedTo	/c/en/organization	1.0	-0.008
/c/en/energy_organization	IsA	/c/en/organization	1.0	-0.033
/c/en/studio	RelatedTo	/c/en/organization	1.0	-0.043
/c/en/learned_society	RelatedTo	/c/en/organization	1.0	-0.079
/c/en/branch	RelatedTo	/c/en/organization	1.0	0.163
/c/en/nationalist_organization	IsA	/c/en/organization	1.0	0.098
/c/en/lone_scout	RelatedTo	/c/en/organization	1.0	0.057
/c/en/getting_in_line	HasPrerequisite	/c/en/organization	1.0	0.01
/c/en/professionalism	RelatedTo	/c/en/organization	1.0	0.138
/c/en/nigerian_youths	IsA	/c/en/organization	1.0	-0.015
/c/en/nigerian_youth	IsA	/c/en/organization	1.0	-0.015
/c/en/works_council	RelatedTo	/c/en/organization	1.0	0.06
/c/en/structuring	RelatedTo	/c/en/organization	1.0	0.223
/c/en/palestinian_militant_groups	IsA	/c/en/organization	1.0	0.025
/c/en/anarchistic_leftist	IsA	/c/en/organization	1.0	0.18
/c/en/yemenis	IsA	/c/en/organization	1.0	0.253
/c/en/hierarchy	IsA	/c/en/organization	1.0	0.232
/c/en/nerve_center	RelatedTo	/c/en/organization	1.0	0.039
/c/en/taking_care_of_proposals	HasPrerequisite	/c/en/organization	1.0	0.031
/c/en/palestinian_nationalist	IsA	/c/en/organization	1.0	0.025
/c/en/lone_wolfing	RelatedTo	/c/en/organization	1.0	0.043
/c/en/infocracy	RelatedTo	/c/en/organization	1.0	0.091
/c/en/code_of_practice	RelatedTo	/c/en/organization	1.0	0.113
/c/en/enterprise_service_bus	RelatedTo	/c/en/organization	1.0	0.175
/c/en/proper_noun	RelatedTo	/c/en/organization	1.0	0.091
/c/en/group_of_militant_youths	IsA	/c/en/organization	1.0	0.232
/c/en/coalition	RelatedTo	/c/en/organization	1.0	0.309
/c/en/uk_plc	RelatedTo	/c/en/organization	1.0	0.035
/c/en/kongsi	RelatedTo	/c/en/organization	1.0	0.167
/c/en/agriculture_organization	IsA	/c/en/organization	1.0	0.712
/c/en/church	IsA	/c/en/organization	1.0	0.178
/c/en/organization_related_to_basketball	IsA	/c/en/organization	1.0	0.805
/c/en/clean_house	RelatedTo	/c/en/organization	1.0	0.023
/c/en/machine	Synonym	/c/en/organization	1.0	0.032
/c/en/synanon	RelatedTo	/c/en/organization	1.0	0.4
/c/en/kurdish_refugees	IsA	/c/en/organization	1.0	0.045
/c/en/organization	IsA	/c/en/multi_person_agent	1.0	-0.097
/c/en/ladies_auxiliary	RelatedTo	/c/en/organization	1.0	0.621
/c/en/vertical_integration	RelatedTo	/c/en/organization	1.0	0.148
/c/en/international_water_association	IsA	/c/en/organization	1.0	0.111
/c/en/found	RelatedTo	/c/en/organization	1.0	0.049
/c/en/big_enchilada	RelatedTo	/c/en/organization	1.0	0.054
/c/en/non_state	IsA	/c/en/organization	1.0	0.042
/c/en/getting_in_line	HasPrerequisite	/c/en/organization	1.0	0.01
/c/en/works_council	RelatedTo	/c/en/organization	1.0	0.06
/c/en/kongsi	RelatedTo	/c/en/organization	1.0	0.167
/c/en/agriculture_organization	IsA	/c/en/organization	1.0	0.712
/c/en/energy_organization	IsA	/c/en/organization	1.0	-0.033
/c/en/church	IsA	/c/en/organization	1.0	0.178
/c/en/clean_house	RelatedTo	/c/en/organization	1.0	0.023
/c/en/press_relations	RelatedTo	/c/en/organization	1.0	0.11
/c/en/natural_person	RelatedTo	/c/en/organization	1.0	-0.024
/c/en/walk_plank	RelatedTo	/c/en/organization	1.0	-0.008
/c/en/listing	IsA	/c/en/organization	1.0	0.097
/c/en/inorganization	DerivedFrom	/c/en/organization	1.0	-0.045
/c/en/bureau	RelatedTo	/c/en/organization	1.0	0.184
/c/en/organization	HasPrerequisite	/c/en/preparedness	1.0	0.077
/c/en/ladies_auxiliary	RelatedTo	/c/en/organization	1.0	0.621
/c/en/terrorist_organization	IsA	/c/en/organization	1.0	0.689
/c/en/corporation_sole	IsA	/c/en/organization	1.0	0.31
/c/en/business	IsA	/c/en/organization	1.0	0.099
/c/en/scandal	RelatedTo	/c/en/organization	1.0	0.013
/c/en/suborganization	RelatedTo	/c/en/organization	1.0	-0.082
/c/en/insignia	RelatedTo	/c/en/organization	1.0	0.11
/c/en/quasi_governmental_organization	IsA	/c/en/organization	1.0	-0.021
/c/en/subsidiary	IsA	/c/en/organization	1.0	0.206
/c/en/london_weighting	RelatedTo	/c/en/organization	1.0	-0.058
/c/en/learned_society	RelatedTo	/c/en/organization	1.0	-0.079
/c/en/palestinian_nationalist	IsA	/c/en/organization	1.0	0.025
/c/en/proper_noun	RelatedTo	/c/en/organization	1.0	0.091
/c/en/privacy_policy	RelatedTo	/c/en/organization	1.0	0.014
/c/en/air_academy	IsA	/c/en/organization	1.0	0.168
/c/en/institution	RelatedTo	/c/en/organization	1.0	0.314
/c/en/leader	AtLocation	/c/en/organization	1.0	0.191
/c/en/aacu	HasContext	/c/en/organization	1.0	0.131
/c/en/ikhwan	RelatedTo	/c/en/organization	1.0	0.219
/c/en/institution	IsA	/c/en/organization	1.0	0.314
/c/en/animal_oriented_organization	IsA	/c/en/organization	1.0	0.197
/c/en/orphanage	IsA	/c/en/organization	1.0	0.173
/c/en/ideological_organization	IsA	/c/en/organization	1.0	-0.008
/c/en/job_description	RelatedTo	/c/en/organization	1.0	0.205
/c/en/social_unit	IsA	/c/en/organization	1.0	0.13
/c/en/professionalism	RelatedTo	/c/en/organization	1.0	0.138
/c/en/law_review	RelatedTo	/c/en/organization	1.0	-0.001
/c/en/islamic_fundamentalist_organization	IsA	/c/en/organization	1.0	-0.096
/c/en/managerialism	RelatedTo	/c/en/organization	1.0	0.247
/c/en/library	IsA	/c/en/organization	1.0	0.082
/c/en/gb_plc	RelatedTo	/c/en/organization	1.0	0.052
/c/en/belly_of_beast	RelatedTo	/c/en/organization	1.0	0.019
/c/en/islamic_extremist	IsA	/c/en/organization	1.0	0.931
/c/en/prosoplasia	RelatedTo	/c/en/organization	1.0	0.127
/c/en/turkish_militants	IsA	/c/en/organization	1.0	-0.087
/c/en/private_sector_organization	IsA	/c/en/organization	1.0	0.109
/c/en/corporation_sole	IsA	/c/en/organization	1.0	0.31
/c/en/branch	RelatedTo	/c/en/organization	1.0	0.163
/c/en/haganah	RelatedTo	/c/en/organization	1.0	0.217
/c/en/muslim_rebels	IsA	/c/en/organization	1.0	-0.088
/c/en/shared_service	RelatedTo	/c/en/organization	1.0	0.088
/c/en/organizationally	RelatedTo	/c/en/organization	1.0	0.519
/c/en/scandal	RelatedTo	/c/en/organization	1.0	0.013
/c/en/subsidiary	IsA	/c/en/organization	1.0	0.206
/c/en/privacy_policy	RelatedTo	/c/en/organization	1.0	0.014
/c/en/constitutionalization	RelatedTo	/c/en/organization	1.0	0.112
/c/en/beauty_cosmetics_organization	IsA	/c/en/organization	1.0	-0.022
/c/en/animal_oriented_organization	IsA	/c/en/organization	1.0	0.197
/c/en/structure	RelatedTo	/c/en/organization	1.0	0.239
/c/en/big_cheese	RelatedTo	/c/en/organization	1.0	0.118
/c/en/disorganized	RelatedTo	/c/en/organization	1.0	0.267
/c/en/ladder	RelatedTo	/c/en/organization	1.0	0.099
/c/en/social_unit	IsA	/c/en/organization	1.0	0.13
/c/en/managerialism	RelatedTo	/c/en/organization	1.0	0.247
/c/en/backroom_boy	RelatedTo	/c/en/organization	1.0	0.016
/c/en/human_resources	RelatedTo	/c/en/organization	1.0	0.145
/c/en/lone_wolfing	RelatedTo	/c/en/organization	1.0	0.043
/c/en/infocracy	RelatedTo	/c/en/organization	1.0	0.091
/c/en/alliance	IsA	/c/en/organization	1.0	0.415
/c/en/headquarters	RelatedTo	/c/en/organization	1.0	0.242
/c/en/space_agency	IsA	/c/en/organization	1.0	0.351
/c/en/travel_organization	IsA	/c/en/organization	1.0	0.1
/c/en/islamic_miliants	IsA	/c/en/organization	1.0	0.484
/c/en/colleague	RelatedTo	/c/en/organization	1.0	-0.023
/c/en/morphic_unit	RelatedTo	/c/en/organization	1.0	-0.035
/c/en/interahamwe	RelatedTo	/c/en/organization	1.0	0.205
/c/en/grandfather	RelatedTo	/c/en/organization	1.0	-0.055
/c/en/shooto	RelatedTo	/c/en/organization	1.0	0.034
/c/en/islamic_extremist	IsA	/c/en/organization	1.0	0.931
/c/en/museology	RelatedTo	/c/en/organization	1.0	0.025
/c/en/martyrdom_seeking_organization	IsA	/c/en/organization	1.0	-0.123
/c/en/banking_or_finance_company	IsA	/c/en/organization	1.0	-0.021
/c/en/state_sponsered_vigilante_group	IsA	/c/en/organization	1.0	0.06
/c/en/insignia	RelatedTo	/c/en/organization	1.0	0.11
/c/en/hunt	RelatedTo	/c/en/organization	1.0	0.044
/c/en/import_export_company	IsA	/c/en/organization	1.0	0.022
/c/en/organizational	DerivedFrom	/c/en/organization	1.0	0.559
/c/en/boys_club	RelatedTo	/c/en/organization	1.0	0.035
/c/en/council	IsA	/c/en/organization	1.0	0.224
/c/en/keeping_things_orderly_and_tidy	HasPrerequisite	/c/en/organization	1.0	0.047
/c/en/ethical	RelatedTo	/c/en/organization	1.0	0.11
/c/en/media_organization	IsA	/c/en/organization	1.0	-0.033
/c/en/police_force	RelatedTo	/c/en/organization	1.0	0.02
/c/en/organization	MadeOf	/c/en/people	1.0	0.104
/c/en/organizations	FormOf	/c/en/organization	1.0	0.724
/c/en/amorphous	RelatedTo	/c/en/organization	1.0	0.099
/c/en/organization	IsA	/c/en/treatment	1.0	0.016
/c/en/inductee	RelatedTo	/c/en/organization	1.0	0.259
/c/en/ministry	IsA	/c/en/organization	1.0	0.098
/c/en/organigram	RelatedTo	/c/en/organization	1.0	0.462
/c/en/chapter	RelatedTo	/c/en/organization	1.0	0.256
/c/en/south_asia_terrorist	IsA	/c/en/organization	1.0	0.04
/c/en/fish_rots_from_head	RelatedTo	/c/en/organization	1.0	0.08
/c/en/fishery	IsA	/c/en/organization	1.0	0.014
/c/en/arab_league	RelatedTo	/c/en/organization	1.0	0.133
/c/en/cost_center	RelatedTo	/c/en/organization	1.0	-0.048
/c/en/legislative_organization	IsA	/c/en/organization	1.0	-0.055
/c/en/organization	RelatedTo	/c/en/quality	1.0	0.074
/c/en/fighting_war	HasPrerequisite	/c/en/organization	1.0	-0.043
/c/en/government_owned_company	IsA	/c/en/organization	1.0	-0.033
/c/en/muslim_militants	IsA	/c/en/organization	1.0	-0.088
/c/en/bylaw	RelatedTo	/c/en/organization	1.0	0.109
/c/en/olive_oil_manufacturing_organization	IsA	/c/en/organization	1.0	0.094
/c/en/boxing_organization	IsA	/c/en/organization	1.0	-0.045
/c/en/4_h_club	RelatedTo	/c/en/organization	1.0	0.374
/c/en/specially_chartered_institution	IsA	/c/en/organization	1.0	-0.084
/c/en/rob_peter_to_pay_paul	RelatedTo	/c/en/organization	1.0	0.032
/c/en/vinexin	RelatedTo	/c/en/organization	1.0	0.042
/c/en/preorganization	RelatedTo	/c/en/organization	1.0	-0.029
/c/en/military_organization	IsA	/c/en/organization	1.0	0.04
/c/en/ladder	RelatedTo	/c/en/organization	1.0	0.099
/c/en/colorum	RelatedTo	/c/en/organization	1.0	0.021
/c/en/gharana	RelatedTo	/c/en/organization	1.0	0.139
/c/en/baraca	RelatedTo	/c/en/organization	1.0	-0.073
/c/en/outsider	RelatedTo	/c/en/organization	1.0	0.011
/c/en/transportation_organization	IsA	/c/en/organization	1.0	0.026
/c/en/proselytize	RelatedTo	/c/en/organization	1.0	0.05
/c/en/bar_association	RelatedTo	/c/en/organization	1.0	0.303
/c/en/ectropy	RelatedTo	/c/en/organization	1.0	0.123
/c/en/cofounder	RelatedTo	/c/en/organization	1.0	0.295
/c/en/financial_organization	IsA	/c/en/organization	1.0	0.165
/c/en/internet_presence	RelatedTo	/c/en/organization	1.0	0.047
/c/en/ethnic_separatists	IsA	/c/en/organization	1.0	0.029
/c/en/network_organization	IsA	/c/en/organization	1.0	0.065
/c/en/organization	IsA	/c/en/structure	1.0	0.239
/c/en/consortium	RelatedTo	/c/en/organization	1.0	0.379
/c/en/society	IsA	/c/en/organization	1.0	0.431
/c/en/paramilitary_death_squad	IsA	/c/en/organization	1.0	0.253
/c/en/fan_club	RelatedTo	/c/en/organization	1.0	0.152
/c/en/umbrella_body	RelatedTo	/c/en/organization	1.0	0.217
/c/en/merorganization	DerivedFrom	/c/en/organization	1.0	0.045
/c/en/collaboratory	RelatedTo	/c/en/organization	1.0	0.238
/c/en/ahrq	HasContext	/c/en/organization	1.0	-0.011
/c/en/state_sponsered_vigilante_group	IsA	/c/en/organization	1.0	0.06
/c/en/organization_without_customers	IsA	/c/en/organization	1.0	0.805
/c/en/judicial_organization	IsA	/c/en/organization	1.0	-0.013
/c/en/publicly_funded_thing	IsA	/c/en/organization	1.0	0.125
/c/en/firm	IsA	/c/en/organization	1.0	0.24
/c/en/supraorganization	DerivedFrom	/c/en/organization	1.0	-0.042
/c/en/league	IsA	/c/en/organization	1.0	0.431
/c/en/pull_strings	RelatedTo	/c/en/organization	1.0	-0.014
/c/en/scientific_organization	IsA	/c/en/organization	1.0	-0.003
/c/en/organization	IsA	/c/en/disposal	1.0	0.044
/c/en/healthcare_organization	IsA	/c/en/organization	1.0	0.041
/c/en/panislamism	RelatedTo	/c/en/organization	1.0	0.055
/c/en/sierran	RelatedTo	/c/en/organization	1.0	0.027
/c/en/dissident	IsA	/c/en/organization	1.0	0.023
/c/en/muslim_separatists_suspected	IsA	/c/en/organization	1.0	-0.088
/c/en/food_and_beverage_organization	IsA	/c/en/organization	1.0	0.025
/c/en/mainsleaze	RelatedTo	/c/en/organization	1.0	-0.03
/c/en/corporatist	RelatedTo	/c/en/organization	1.0	0.122
/c/en/rank	RelatedTo	/c/en/organization	1.0	0.027
/c/en/harambee	RelatedTo	/c/en/organization	1.0	0.265
/c/en/itso	RelatedTo	/c/en/organization	1.0	0.383
/c/en/machine	Synonym	/c/en/organization	1.0	0.032
/c/en/kurdish_refugees	IsA	/c/en/organization	1.0	0.045
/c/en/organization	IsA	/c/en/multi_person_agent	1.0	-0.097
/c/en/nigerian_youth	IsA	/c/en/organization	1.0	-0.015
/c/en/vertical_integration	RelatedTo	/c/en/organization	1.0	0.148
/c/en/international_water_association	IsA	/c/en/organization	1.0	0.111
/c/en/getting_in_line	HasPrerequisite	/c/en/organization	1.0	0.01
/c/en/works_council	RelatedTo	/c/en/organization	1.0	0.06
/c/en/octopus	RelatedTo	/c/en/organization	1.0	0.115
/c/en/press_relations	RelatedTo	/c/en/organization	1.0	0.11
/c/en/listing	IsA	/c/en/organization	1.0	0.097
/c/en/inorganization	DerivedFrom	/c/en/organization	1.0	-0.045
/c/en/bureau	RelatedTo	/c/en/organization	1.0	0.184
/c/en/organization	HasPrerequisite	/c/en/preparedness	1.0	0.077
/c/en/terrorist_organization	IsA	/c/en/organization	1.0	0.689
/c/en/business	IsA	/c/en/organization	1.0	0.099
/c/en/suborganization	RelatedTo	/c/en/organization	1.0	-0.082
/c/en/quasi_governmental_organization	IsA	/c/en/organization	1.0	-0.021
/c/en/honorary_officer	RelatedTo	/c/en/organization	1.0	0.127
/c/en/learned_society	RelatedTo	/c/en/organization	1.0	-0.079
/c/en/palestinian_nationalist	IsA	/c/en/organization	1.0	0.025
/c/en/proper_noun	RelatedTo	/c/en/organization	1.0	0.091
/c/en/institution	RelatedTo	/c/en/organization	1.0	0.314
/c/en/leader	AtLocation	/c/en/organization	1.0	0.191
/c/en/aacu	HasContext	/c/en/organization	1.0	0.131
/c/en/ikhwan	RelatedTo	/c/en/organization	1.0	0.219
/c/en/institution	IsA	/c/en/organization	1.0	0.314
/c/en/orphanage	IsA	/c/en/organization	1.0	0.173
/c/en/ideological_organization	IsA	/c/en/organization	1.0	-0.008
/c/en/militants	IsA	/c/en/organization	1.0	0.419
/c/en/professionalism	RelatedTo	/c/en/organization	1.0	0.138
/c/en/law_review	RelatedTo	/c/en/organization	1.0	-0.001
/c/en/islamic_fundamentalist_organization	IsA	/c/en/organization	1.0	-0.096
/c/en/intra_muslim	RelatedTo	/c/en/organization	1.0	0.096
/c/en/library	IsA	/c/en/organization	1.0	0.082
/c/en/gb_plc	RelatedTo	/c/en/organization	1.0	0.052
/c/en/belly_of_beast	RelatedTo	/c/en/organization	1.0	0.019
/c/en/ground_game	RelatedTo	/c/en/organization	1.0	-0.11
/c/en/turkish_militants	IsA	/c/en/organization	1.0	-0.087
/c/en/structuring	RelatedTo	/c/en/organization	1.0	0.223
/c/en/branch	RelatedTo	/c/en/organization	1.0	0.163
/c/en/haganah	RelatedTo	/c/en/organization	1.0	0.217
/c/en/muslim_rebels	IsA	/c/en/organization	1.0	-0.088
/c/en/shared_service	RelatedTo	/c/en/organization	1.0	0.088
/c/en/organizationally	RelatedTo	/c/en/organization	1.0	0.519
/c/en/nationalist_organization	IsA	/c/en/organization	1.0	0.098
/c/en/constitutionalization	RelatedTo	/c/en/organization	1.0	0.112
/c/en/structure	RelatedTo	/c/en/organization	1.0	0.239
/c/en/big_cheese	RelatedTo	/c/en/organization	1.0	0.118
/c/en/disorganized	RelatedTo	/c/en/organization	1.0	0.267
/c/en/revolutionary	IsA	/c/en/organization	1.0	0.044
/c/en/backroom_boy	RelatedTo	/c/en/organization	1.0	0.016
/c/en/lone_wolfing	RelatedTo	/c/en/organization	1.0	0.043
/c/en/infocracy	RelatedTo	/c/en/organization	1.0	0.091
/c/en/alliance	IsA	/c/en/organization	1.0	0.415
/c/en/headquarters	RelatedTo	/c/en/organization	1.0	0.242
/c/en/space_agency	IsA	/c/en/organization	1.0	0.351
/c/en/travel_organization	IsA	/c/en/organization	1.0	0.1
/c/en/islamic_miliants	IsA	/c/en/organization	1.0	0.484
/c/en/colleague	RelatedTo	/c/en/organization	1.0	-0.023
/c/en/morphic_unit	RelatedTo	/c/en/organization	1.0	-0.035
/c/en/interahamwe	RelatedTo	/c/en/organization	1.0	0.205
/c/en/grandfather	RelatedTo	/c/en/organization	1.0	-0.055
/c/en/museology	RelatedTo	/c/en/organization	1.0	0.025
/c/en/martyrdom_seeking_organization	IsA	/c/en/organization	1.0	-0.123
/c/en/banking_or_finance_company	IsA	/c/en/organization	1.0	-0.021
/c/en/insignia	RelatedTo	/c/en/organization	1.0	0.11
/c/en/import_export_company	IsA	/c/en/organization	1.0	0.022
/c/en/organizational	DerivedFrom	/c/en/organization	1.0	0.559
/c/en/boys_club	RelatedTo	/c/en/organization	1.0	0.035
/c/en/media_organization	IsA	/c/en/organization	1.0	-0.033
/c/en/police_force	RelatedTo	/c/en/organization	1.0	0.02
/c/en/file_guide	UsedFor	/c/en/organization	1.0	0.04
/c/en/arnenian_terrorist_group	IsA	/c/en/organization	1.0	0.026
/c/en/inductee	RelatedTo	/c/en/organization	1.0	0.259
/c/en/ministry	IsA	/c/en/organization	1.0	0.098
/c/en/organigram	RelatedTo	/c/en/organization	1.0	0.462
/c/en/south_asia_terrorist	IsA	/c/en/organization	1.0	0.04
/c/en/fish_rots_from_head	RelatedTo	/c/en/organization	1.0	0.08
/c/en/arab_league	RelatedTo	/c/en/organization	1.0	0.133
/c/en/cost_center	RelatedTo	/c/en/organization	1.0	-0.048
/c/en/systems_engineering	RelatedTo	/c/en/organization	1.0	0.027
/c/en/bylaw	RelatedTo	/c/en/organization	1.0	0.109
/c/en/olive_oil_manufacturing_organization	IsA	/c/en/organization	1.0	0.094
/c/en/4_h_club	RelatedTo	/c/en/organization	1.0	0.374
/c/en/specially_chartered_institution	IsA	/c/en/organization	1.0	-0.084
/c/en/rob_peter_to_pay_paul	RelatedTo	/c/en/organization	1.0	0.032
/c/en/preorganization	RelatedTo	/c/en/organization	1.0	-0.029
/c/en/ladder	RelatedTo	/c/en/organization	1.0	0.099
/c/en/kaifong	RelatedTo	/c/en/organization	1.0	-0.027
/c/en/baraca	RelatedTo	/c/en/organization	1.0	-0.073
/c/en/outsider	RelatedTo	/c/en/organization	1.0	0.011
/c/en/transportation_organization	IsA	/c/en/organization	1.0	0.026
/c/en/ectropy	RelatedTo	/c/en/organization	1.0	0.123
/c/en/cofounder	RelatedTo	/c/en/organization	1.0	0.295
/c/en/financial_organization	IsA	/c/en/organization	1.0	0.165
/c/en/ethnic_separatists	IsA	/c/en/organization	1.0	0.029
/c/en/network_organization	IsA	/c/en/organization	1.0	0.065
/c/en/organization	IsA	/c/en/structure	1.0	0.239
/c/en/consortium	RelatedTo	/c/en/organization	1.0	0.379
/c/en/paramilitary_death_squad	IsA	/c/en/organization	1.0	0.253
/c/en/fan_club	RelatedTo	/c/en/organization	1.0	0.152
/c/en/collaboratory	RelatedTo	/c/en/organization	1.0	0.238
/c/en/state_sponsered_vigilante_group	IsA	/c/en/organization	1.0	0.06
/c/en/organization_without_customers	IsA	/c/en/organization	1.0	0.805
/c/en/document_folder	UsedFor	/c/en/organization	1.0	0.08
/c/en/organized_crime	RelatedTo	/c/en/organization	1.0	0.138
/c/en/brigade_system	RelatedTo	/c/en/organization	1.0	0.2
/c/en/organization	RelatedTo	/c/en/rule	1.0	0.049
/c/en/organigram	DerivedFrom	/c/en/organization	1.0	0.462
/c/en/odessa	RelatedTo	/c/en/organization	1.0	0.12
/c/en/hutus	IsA	/c/en/organization	1.0	0.328
/c/en/legal_entity	RelatedTo	/c/en/organization	1.0	-0.008
/c/en/government_owned_company	IsA	/c/en/organization	1.0	-0.033
/c/en/world_organization	IsA	/c/en/organization	1.0	0.127
/c/en/racketeer	RelatedTo	/c/en/organization	1.0	0.146
/c/en/check_and_balance	RelatedTo	/c/en/organization	1.0	0.031
/c/en/organization	FormOf	/c/en/organisation	1.0	0.784
/c/en/gift_matching	RelatedTo	/c/en/organization	1.0	0.074
/c/en/tubularization	RelatedTo	/c/en/organization	1.0	0.025
/c/en/organization	IsA	/c/en/agentive_artifact	1.0	0.022
/c/en/nonstate_actor	RelatedTo	/c/en/organization	1.0	0.233
/c/en/ngo	IsA	/c/en/organization	1.0	0.46
/c/en/dispositio	RelatedTo	/c/en/organization	1.0	0.04
/c/en/prosecution_association	RelatedTo	/c/en/organization	1.0	-0.103
/c/en/abako	RelatedTo	/c/en/organization	1.0	0.034
/c/en/little_league	RelatedTo	/c/en/organization	1.0	0.311
/c/en/information_technology	RelatedTo	/c/en/organization	1.0	0.026
/c/en/systems_theory	RelatedTo	/c/en/organization	1.0	0.027
/c/en/nationalist	IsA	/c/en/organization	1.0	0.102
/c/en/cooperative	IsA	/c/en/organization	1.0	0.232
/c/en/political_machine	RelatedTo	/c/en/organization	1.0	-0.034
/c/en/sports_club	IsA	/c/en/organization	1.0	0.028
/c/en/echelon	RelatedTo	/c/en/organization	1.0	0.068
/c/en/conservancy	RelatedTo	/c/en/organization	1.0	0.334
/c/en/rule_roost	RelatedTo	/c/en/organization	1.0	0.033
/c/en/merorganization	RelatedTo	/c/en/organization	1.0	0.045
/c/en/fraternity	RelatedTo	/c/en/organization	1.0	0.352
/c/en/bush_league	RelatedTo	/c/en/organization	1.0	0.08
/c/en/organizability	RelatedTo	/c/en/organization	1.0	0.805
/c/en/tribesmen	IsA	/c/en/organization	1.0	0.298
/c/en/joiner	RelatedTo	/c/en/organization	1.0	0.012
/c/en/hoo_hoo	RelatedTo	/c/en/organization	1.0	0.441
/c/en/communiversity	RelatedTo	/c/en/organization	1.0	0.121
/c/en/pan_americanism	RelatedTo	/c/en/organization	1.0	0.031
/c/en/interpol	RelatedTo	/c/en/organization	1.0	0.218
/c/en/organized	RelatedTo	/c/en/organization	1.0	0.372
/c/en/church_of_satan	RelatedTo	/c/en/organization	1.0	0.099
/c/en/place	RelatedTo	/c/en/organization	1.0	0.044
/c/en/animal_shelter	RelatedTo	/c/en/organization	1.0	0.18
/c/en/organization	RelatedTo	/c/en/organize	1.0	0.311
/c/en/in_house	RelatedTo	/c/en/organization	1.0	0.012
/c/en/high_level	RelatedTo	/c/en/organization	1.0	0.016
/c/en/riverside	RelatedTo	/c/en/organization	1.0	0.018
/c/en/fire_company	RelatedTo	/c/en/organization	1.0	0.064
/c/en/databank	RelatedTo	/c/en/organization	1.0	0.215
/c/en/politruk	RelatedTo	/c/en/organization	1.0	-0.049
/c/en/organization_of_individuals	IsA	/c/en/organization	1.0	0.805
/c/en/pracharak	RelatedTo	/c/en/organization	1.0	0.327
/c/en/national_organization	IsA	/c/en/organization	1.0	0.242
/c/en/defenestration	RelatedTo	/c/en/organization	1.0	0.038
/c/en/insider	RelatedTo	/c/en/organization	1.0	0.044
/c/en/international	RelatedTo	/c/en/organization	1.0	0.257
/c/en/dispatcher	RelatedTo	/c/en/organization	1.0	0.041
/c/en/arm	RelatedTo	/c/en/organization	1.0	0.118
/c/en/ethnic_kists	IsA	/c/en/organization	1.0	0.029
/c/en/organization	IsA	/c/en/treatment	1.0	0.016
/c/en/pay_one's_dues	RelatedTo	/c/en/organization	1.0	-0.013
/c/en/organization	RelatedTo	/c/en/farm_team	1.0	0.027
/c/en/hermit_kingdom	RelatedTo	/c/en/organization	1.0	0.368
/c/en/internet_hosting_service	IsA	/c/en/organization	1.0	-0.013
/c/en/radio_station	IsA	/c/en/organization	1.0	0.012
/c/en/islamist	IsA	/c/en/organization	1.0	-0.011
/c/en/commercial_holding_company	IsA	/c/en/organization	1.0	-0.095
/c/en/changing_of_guard	RelatedTo	/c/en/organization	1.0	-0.076
/c/en/organization	HasContext	/c/en/baseball	1.0	0.146
/c/en/agricultural_organization	IsA	/c/en/organization	1.0	-0.053
/c/en/political_movement	IsA	/c/en/organization	1.0	-0.034
/c/en/pastorage	RelatedTo	/c/en/organization	1.0	0.035
/c/en/muslim_brotherhood_organization	IsA	/c/en/organization	1.0	-0.088
/c/en/distribution_organization	IsA	/c/en/organization	1.0	0.11
/c/en/crime_lord	RelatedTo	/c/en/organization	1.0	-0.055
/c/en/rwandan_hutu_militants	IsA	/c/en/organization	1.0	0.004
/c/en/insurance_organization	IsA	/c/en/organization	1.0	0.167
/c/en/paramosque	RelatedTo	/c/en/organization	1.0	-0.019
/c/en/mascot	RelatedTo	/c/en/organization	1.0	0.112
/c/en/kashmiri_militants	IsA	/c/en/organization	1.0	0.004
/c/en/death_squad	IsA	/c/en/organization	1.0	0.19
/c/en/roster	RelatedTo	/c/en/organization	1.0	0.224
/c/en/nasa	RelatedTo	/c/en/organization	1.0	0.024
/c/en/political_party	RelatedTo	/c/en/organization	1.0	0.083
/c/en/socialist	IsA	/c/en/organization	1.0	0.034
/c/en/self_organization	DerivedFrom	/c/en/organization	1.0	0.024
/c/en/noncorporation	RelatedTo	/c/en/organization	1.0	0.045
/c/en/antistate	IsA	/c/en/organization	1.0	0.027
/c/en/security	RelatedTo	/c/en/organization	1.0	-0.023
/c/en/water_footprint	RelatedTo	/c/en/organization	1.0	0.053
/c/en/fellow_traveller	RelatedTo	/c/en/organization	1.0	-0.03
/c/en/fiefdom	RelatedTo	/c/en/organization	1.0	0.092
/c/en/agenesis	RelatedTo	/c/en/organization	1.0	0.144
/c/en/commercial_entertainment_organization	IsA	/c/en/organization	1.0	-0.095
/c/en/departmentalitis	RelatedTo	/c/en/organization	1.0	0.02
/c/en/grassroots_democracy	RelatedTo	/c/en/organization	1.0	0.248
/c/en/codirection	RelatedTo	/c/en/organization	1.0	0.106
/c/en/system	UsedFor	/c/en/organization	1.0	0.148
/c/en/help_desk	RelatedTo	/c/en/organization	1.0	0.118
/c/en/orange_order	RelatedTo	/c/en/organization	1.0	-0.016
/c/en/revolutionry	IsA	/c/en/organization	1.0	0.084
/c/en/hospital	IsA	/c/en/organization	1.0	0.064
/c/en/vanguardism	RelatedTo	/c/en/organization	1.0	0.214
/c/en/spiritual_leader	RelatedTo	/c/en/organization	1.0	0.127
/c/en/key_case	UsedFor	/c/en/organization	1.0	-0.015
/c/en/platformism	RelatedTo	/c/en/organization	1.0	0.03
/c/en/seceder	RelatedTo	/c/en/organization	1.0	0.088
/c/en/front_organization	RelatedTo	/c/en/organization	1.0	-0.132
/c/en/establishment	RelatedTo	/c/en/organization	1.0	0.229
/c/en/furniture_secretary	UsedFor	/c/en/organization	1.0	0.037
/c/en/exploratory_committee	RelatedTo	/c/en/organization	1.0	0.353
/c/en/people's_army	RelatedTo	/c/en/organization	1.0	0.09
/c/en/chromosome_conformation_capture	RelatedTo	/c/en/organization	1.0	0.028
/c/en/seperatist	IsA	/c/en/organization	1.0	-0.053
/c/en/pakistani_backed_muslim_militants	IsA	/c/en/organization	1.0	-0.068
/c/en/golf_club	RelatedTo	/c/en/organization	1.0	0.11
/c/en/chechen	IsA	/c/en/organization	1.0	-0.005
/c/en/trade_union	RelatedTo	/c/en/organization	1.0	0.278
/c/en/soroptimist	RelatedTo	/c/en/organization	1.0	0.475
/c/en/band	IsA	/c/en/organization	1.0	0.186
/c/en/market_anarchy	RelatedTo	/c/en/organization	1.0	0.09
/c/en/preorganization	DerivedFrom	/c/en/organization	1.0	-0.029
/c/en/temporary_association	IsA	/c/en/organization	1.0	0.031
/c/en/technology_organization	IsA	/c/en/organization	1.0	0.071
/c/en/society	RelatedTo	/c/en/organization	1.0	0.431
/c/en/hiring_hall	RelatedTo	/c/en/organization	1.0	-0.029
/c/en/steering_group	RelatedTo	/c/en/organization	1.0	0.121
/c/en/revolutionary_group	IsA	/c/en/organization	1.0	-0.016
/c/en/cell_plate	RelatedTo	/c/en/organization	1.0	-0.016
/c/en/phone_bank	RelatedTo	/c/en/organization	1.0	0.012
/c/en/financial_management	RelatedTo	/c/en/organization	1.0	0.165
/c/en/ywam	RelatedTo	/c/en/organization	1.0	0.378
/c/en/diminishing_returns	RelatedTo	/c/en/organization	1.0	0.27
/c/en/loyalist_organization	IsA	/c/en/organization	1.0	-0.094
/c/en/workforce	RelatedTo	/c/en/organization	1.0	0.07
/c/en/modality	RelatedTo	/c/en/organization	1.0	0.092
/c/en/al_marakesha_yemeni_tribe	IsA	/c/en/organization	1.0	0.048
/c/en/teleocracy	RelatedTo	/c/en/organization	1.0	0.116
/c/en/departmentalization	RelatedTo	/c/en/organization	1.0	0.02
/c/en/special_rapporteur	RelatedTo	/c/en/organization	1.0	0.411
/c/en/honor_society	RelatedTo	/c/en/organization	1.0	0.643
/c/en/civil_society	RelatedTo	/c/en/organization	1.0	0.291
/c/en/oil_cartel	IsA	/c/en/organization	1.0	-0.007
/c/en/red_cross	RelatedTo	/c/en/organization	1.0	0.362
/c/en/islamic_nationalist_group	IsA	/c/en/organization	1.0	0.484
/c/en/supremo	RelatedTo	/c/en/organization	1.0	0.063
/c/en/trust	IsA	/c/en/organization	1.0	0.086
/c/en/real_estate_organization	IsA	/c/en/organization	1.0	0.002
/c/en/al_qaeda	RelatedTo	/c/en/organization	1.0	0.099
/c/en/apparatus	RelatedTo	/c/en/organization	1.0	0.084
/c/en/organ	RelatedTo	/c/en/organization	1.0	0.176
/c/en/irruption	RelatedTo	/c/en/organization	1.0	0.066
/c/en/storage_organization	IsA	/c/en/organization	1.0	0.071
/c/en/supraorganization	RelatedTo	/c/en/organization	1.0	-0.042
/c/en/grange	RelatedTo	/c/en/organization	1.0	0.175
/c/en/islamic_extremists	IsA	/c/en/organization	1.0	0.931
/c/en/modern_military_organization	IsA	/c/en/organization	1.0	-0.094
/c/en/founderitis	RelatedTo	/c/en/organization	1.0	0.195
/c/en/ginger_group	RelatedTo	/c/en/organization	1.0	-0.009
/c/en/multiorganizational	RelatedTo	/c/en/organization	1.0	0.025
/c/en/territorial_segregationalist	IsA	/c/en/organization	1.0	0.02
/c/en/alien	RelatedTo	/c/en/organization	1.0	-0.109
/c/en/separatists	IsA	/c/en/organization	1.0	0.152
/c/en/domain	RelatedTo	/c/en/organization	1.0	0.105
/c/en/company_department	IsA	/c/en/organization	1.0	0.324
/c/en/nonconnected	RelatedTo	/c/en/organization	1.0	0.05
/c/en/organization	CapableOf	/c/en/honor_strong_person	1.0	0.643
/c/en/unplanned	RelatedTo	/c/en/organization	1.0	0.036
/c/en/talking_shop	RelatedTo	/c/en/organization	1.0	-0.007
/c/en/certificate_authority	RelatedTo	/c/en/organization	1.0	-0.042
/c/en/cohead	RelatedTo	/c/en/organization	1.0	0.163
/c/en/missing_in_action	RelatedTo	/c/en/organization	1.0	-0.02
/c/en/association	RelatedTo	/c/en/organization	1.0	0.568
/c/en/cabal	RelatedTo	/c/en/organization	1.0	0.175
/c/en/ywca	IsA	/c/en/organization	1.0	0.418
/c/en/data_warehouse	RelatedTo	/c/en/organization	1.0	0.072
/c/en/treasurer	RelatedTo	/c/en/organization	1.0	0.103
/c/en/overboss	RelatedTo	/c/en/organization	1.0	0.074
/c/en/ywamer	RelatedTo	/c/en/organization	1.0	0.378
/c/en/organization	RelatedTo	/c/en/large	0.9809999999999999	0.085
/c/en/organization	RelatedTo	/c/en/skill	0.7559999999999998	0.058
/c/en/organization	RelatedTo	/c/en/structure	0.754	0.239
/c/en/business	RelatedTo	/c/en/organization	0.7480000000000002	0.099
/c/en/organization	RelatedTo	/c/en/members	0.7069999999999999	0.374
/c/en/organization	RelatedTo	/c/en/group_people	0.6560000000000001	0.232
/c/en/charity	RelatedTo	/c/en/organization	0.6550000000000002	0.398
/c/en/department	RelatedTo	/c/en/organization	0.6240000000000001	0.117
/c/en/government	RelatedTo	/c/en/organization	0.605	0.01
/c/en/organization	Antonym	/c/en/chaos	0.573	-0.017
/c/en/order	RelatedTo	/c/en/organization	0.5700000000000003	0.013
/c/en/corporation	RelatedTo	/c/en/organization	0.5350000000000001	0.336
/c/en/organization	RelatedTo	/c/en/neat	0.5220000000000002	0.056
/c/en/organization	RelatedTo	/c/en/large_group	0.5169999999999999	0.069
/c/en/organization	RelatedTo	/c/en/sorting	0.5030000000000001	0.09
/c/en/organization	Synonym	/c/en/organization	0.5	1.0
/c/en/kublai_khan	RelatedTo	/c/en/organization	0.5	0.458
/c/en/democratic_socialism	RelatedTo	/c/en/organization	0.5	0.054
/c/en/committee	RelatedTo	/c/en/organization	0.4889999999999999	0.268
/c/en/association	RelatedTo	/c/en/organization	0.488	0.568
/c/en/family	RelatedTo	/c/en/organization	0.4460000000000002	0.152
/c/en/organization	RelatedTo	/c/en/many_people	0.42399999999999993	0.241
/c/en/organization	RelatedTo	/c/en/charity	0.42300000000000004	0.398
/c/en/plan	RelatedTo	/c/en/organization	0.3999999999999999	0.079
/c/en/organization	RelatedTo	/c/en/world	0.3799999999999999	0.104
/c/en/organization	Antonym	/c/en/mess	0.367	0.05
/c/en/organization	RelatedTo	/c/en/organize	0.3660000000000001	0.311
/c/en/organization	Antonym	/c/en/disorganized	0.359	0.267
/c/en/organization	RelatedTo	/c/en/nonprofit	0.3500000000000001	0.577
/c/en/bank	RelatedTo	/c/en/organization	0.34499999999999975	0.063
/c/en/organization	RelatedTo	/c/en/grouping	0.33000000000000007	0.265
/c/en/organization	RelatedTo	/c/en/people_group	0.31300000000000017	0.024
/c/en/organization	RelatedTo	/c/en/being	0.31300000000000017	0.06
/c/en/organization	RelatedTo	/c/en/system	0.31300000000000017	0.148
/c/en/organization	RelatedTo	/c/en/wildlife	0.31000000000000005	0.033
/c/en/empire	RelatedTo	/c/en/organization	0.30600000000000005	0.017
/c/en/member	RelatedTo	/c/en/organization	0.2999999999999998	0.345
/c/en/organization	Antonym	/c/en/disorder	0.29899999999999993	0.077
/c/en/organization	RelatedTo	/c/en/corporation	0.29700000000000015	0.336
/c/en/organization	RelatedTo	/c/en/large_company	0.29700000000000015	0.093
/c/en/colony	RelatedTo	/c/en/organization	0.2879999999999998	0.09
/c/en/organization	RelatedTo	/c/en/union	0.274	0.255
/c/en/organization	RelatedTo	/c/en/companies	0.27200000000000024	0.256
/c/en/fraternity	RelatedTo	/c/en/organization	0.262	0.352
/c/en/organization	RelatedTo	/c/en/gathering	0.258	0.185
/c/en/organization	RelatedTo	/c/en/charity_group	0.254	-0.014
/c/en/organization	RelatedTo	/c/en/naacp	0.2509999999999999	0.345
/c/en/now	RelatedTo	/c/en/organization	0.246	-0.029
/c/en/organization	Antonym	/c/en/disarray	0.24399999999999977	0.085
/c/en/organization	DistinctFrom	/c/en/messy	0.24299999999999988	0.102
/c/en/gang	RelatedTo	/c/en/organization	0.2400000000000002	0.205
/c/en/organization	RelatedTo	/c/en/pto	0.23399999999999999	0.091
/c/en/organization	RelatedTo	/c/en/business_group	0.2320000000000002	0.119
/c/en/country	RelatedTo	/c/en/organization	0.23099999999999987	0.064
/c/en/organization	RelatedTo	/c/en/who	0.22999999999999998	0.125
/c/en/organization	RelatedTo	/c/en/neatness	0.2240000000000002	0.134
/c/en/organization	RelatedTo	/c/en/membership	0.2240000000000002	0.379
/c/en/organization	Antonym	/c/en/disorganize	0.22100000000000009	0.222
/c/en/institute	RelatedTo	/c/en/organization	0.2200000000000002	0.343
/c/en/organization	RelatedTo	/c/en/coherent	0.21799999999999997	0.089
/c/en/organization	RelatedTo	/c/en/keeping	0.21799999999999997	0.063
/c/en/organization	RelatedTo	/c/en/keeping_neat	0.21799999999999997	0.047
/c/en/organization	RelatedTo	/c/en/coherent_group	0.21799999999999997	0.105
/c/en/organization	RelatedTo	/c/en/world_health	0.2160000000000002	0.079
/c/en/organization	RelatedTo	/c/en/formal	0.2160000000000002	0.126
/c/en/organization	RelatedTo	/c/en/formal_group	0.2160000000000002	0.089
/c/en/organization	RelatedTo	/c/en/health	0.2160000000000002	0.029
/c/en/office	RelatedTo	/c/en/organization	0.21399999999999997	0.08
/c/en/organization	RelatedTo	/c/en/official_group	0.21399999999999997	0.086
/c/en/organization	RelatedTo	/c/en/official	0.21399999999999997	0.077
/c/en/organization	RelatedTo	/c/en/group_company	0.21300000000000008	0.232
/c/en/organization	RelatedTo	/c/en/meetings	0.21099999999999985	0.192
/c/en/column	RelatedTo	/c/en/organization	0.21099999999999985	0.094
/c/en/organization	RelatedTo	/c/en/sorting_system	0.20699999999999985	-0.017
/c/en/organization	RelatedTo	/c/en/group_corporation	0.19399999999999995	0.232
/c/en/group	RelatedTo	/c/en/organization	0.19399999999999995	0.432
/c/en/nation	RelatedTo	/c/en/organization	0.19300000000000006	0.105
/c/en/agency	RelatedTo	/c/en/organization	0.18999999999999995	0.31
/c/en/army	RelatedTo	/c/en/organization	0.18400000000000016	0.064
/c/en/file	RelatedTo	/c/en/organization	0.18199999999999994	0.061
/c/en/organization	RelatedTo	/c/en/company_group	0.17799999999999994	0.324
/c/en/organization	RelatedTo	/c/en/meeting	0.17600000000000016	0.142
/c/en/organization	DistinctFrom	/c/en/disorder	0.17600000000000016	0.077
/c/en/care	RelatedTo	/c/en/organization	0.17600000000000016	0.1
/c/en/organization	RelatedTo	/c/en/whole	0.17499999999999982	0.101
/c/en/organization	RelatedTo	/c/en/whole_group	0.17499999999999982	-0.006
/c/en/executive	RelatedTo	/c/en/organization	0.17399999999999993	0.231
/c/en/organization	RelatedTo	/c/en/being_neat	0.17099999999999982	-0.013
/c/en/organization	RelatedTo	/c/en/planning	0.16999999999999993	0.143
/c/en/organization	RelatedTo	/c/en/nonprofit_group	0.16999999999999993	0.705
/c/en/organization	RelatedTo	/c/en/charitable	0.16900000000000004	0.385
/c/en/organization	RelatedTo	/c/en/charitable_group	0.16900000000000004	0.4
/c/en/organization	RelatedTo	/c/en/large_business	0.16699999999999982	0.069
/c/en/organization	RelatedTo	/c/en/disorganized	0.16699999999999982	0.267
/c/en/organization	RelatedTo	/c/en/professional_group	0.16500000000000004	0.17
/c/en/organization	RelatedTo	/c/en/professional	0.16500000000000004	0.189
/c/en/organization	RelatedTo	/c/en/world_wildlife	0.16400000000000015	0.192
/c/en/organization	RelatedTo	/c/en/ordered_group	0.16199999999999992	-0.034
/c/en/organization	RelatedTo	/c/en/ordered	0.16199999999999992	-0.034
/c/en/tribe	Antonym	/c/en/organization	0.15700000000000003	0.133
/c/en/organization	RelatedTo	/c/en/sorting_things	0.15600000000000014	-0.017
/c/en/organization	RelatedTo	/c/en/company_structure	0.1549999999999998	0.324
/c/en/organization	RelatedTo	/c/en/parent_teacher	0.15300000000000002	0.174
/c/en/organization	RelatedTo	/c/en/teacher	0.15300000000000002	-0.015
/c/en/organization	RelatedTo	/c/en/parent	0.15300000000000002	0.082
/c/en/organization	RelatedTo	/c/en/human	0.15200000000000014	0.034
/c/en/organization	RelatedTo	/c/en/human_collection	0.15200000000000014	0.058
/c/en/organization	RelatedTo	/c/en/collection	0.15200000000000014	0.102
/c/en/organization	RelatedTo	/c/en/like	0.1509999999999998	0.012
/c/en/organization	RelatedTo	/c/en/like_company	0.1509999999999998	0.101
/c/en/organization	RelatedTo	/c/en/term	0.1499999999999999	-0.016
/c/en/organization	RelatedTo	/c/en/business_term	0.1499999999999999	0.119
/c/en/organization	RelatedTo	/c/en/title	0.14900000000000002	0.095
/c/en/organization	RelatedTo	/c/en/title_members	0.14900000000000002	0.071
/c/en/organization	RelatedTo	/c/en/filed	0.1469999999999998	0.031
/c/en/organization	RelatedTo	/c/en/neatly_filed	0.1469999999999998	0.002
/c/en/organization	RelatedTo	/c/en/neatly	0.1469999999999998	0.002
/c/en/organization	RelatedTo	/c/en/nations	0.1459999999999999	0.104
/c/en/organization	RelatedTo	/c/en/national_wildlife	0.1459999999999999	0.293
/c/en/organization	RelatedTo	/c/en/national	0.1459999999999999	0.254
/c/en/organization	RelatedTo	/c/en/united	0.1459999999999999	0.19
/c/en/organization	RelatedTo	/c/en/united_nations	0.1459999999999999	0.182
/c/en/treasurer	RelatedTo	/c/en/organization	0.14500000000000002	0.103
/c/en/organization	RelatedTo	/c/en/group_order	0.14400000000000013	0.232
/c/en/organization	RelatedTo	/c/en/tidy	0.1419999999999999	0.107
/c/en/organization	RelatedTo	/c/en/purpose	0.1419999999999999	0.111
/c/en/organization	RelatedTo	/c/en/being_tidy	0.1419999999999999	-0.013
/c/en/civilization	RelatedTo	/c/en/organization	0.14100000000000001	-0.002
/c/en/organization	RelatedTo	/c/en/filing_sorting	0.14000000000000012	0.063
/c/en/organization	RelatedTo	/c/en/filing	0.14000000000000012	0.079
/c/en/organization	RelatedTo	/c/en/orderly	0.14000000000000012	0.054
/c/en/organization	RelatedTo	/c/en/orderly_grouping	0.14000000000000012	0.054
/c/en/organization	RelatedTo	/c/en/in_businesses	0.14000000000000012	-0.033
/c/en/organization	RelatedTo	/c/en/officers	0.14000000000000012	0.053
/c/en/organization	RelatedTo	/c/en/rules	0.14000000000000012	0.053
/c/en/organization	RelatedTo	/c/en/businesses	0.14000000000000012	0.147
/c/en/organization	RelatedTo	/c/en/rules_officers	0.14000000000000012	0.058
/c/en/organization	RelatedTo	/c/en/many_members	0.13900000000000023	0.179
/c/en/organization	RelatedTo	/c/en/action	0.1349999999999998	0.07
/c/en/organization	RelatedTo	/c/en/action_of	0.1349999999999998	0.074
/c/en/religion	RelatedTo	/c/en/organization	0.133	0.034
/c/en/organization	RelatedTo	/c/en/committee	0.13200000000000012	0.268
/c/en/organization	RelatedTo	/c/en/making	0.1299999999999999	0.037
/c/en/organization	RelatedTo	/c/en/making_money	0.1299999999999999	0.065
/c/en/organization	RelatedTo	/c/en/money	0.1299999999999999	0.088
/c/en/organization	RelatedTo	/c/en/begins	0.1280000000000001	0.013
/c/en/organization	RelatedTo	/c/en/begins_organ	0.1280000000000001	0.013
/c/en/organization	RelatedTo	/c/en/organ	0.1280000000000001	0.176
/c/en/organization	RelatedTo	/c/en/plo	0.1259999999999999	0.127
/c/en/organization	RelatedTo	/c/en/pta	0.1259999999999999	0.195
/c/en/organization	RelatedTo	/c/en/firm	0.11699999999999999	0.24
/c/en/organization	RelatedTo	/c/en/form	0.11500000000000021	0.083
/c/en/cross	RelatedTo	/c/en/organization	0.1120000000000001	-0.007
/c/en/band	RelatedTo	/c/en/organization	0.1120000000000001	0.186
/c/en/board	RelatedTo	/c/en/organization	0.1120000000000001	0.144
/c/en/tidy	RelatedTo	/c/en/organization	0.1120000000000001	0.107
/c/en/scout	RelatedTo	/c/en/organization	0.10599999999999987	0.158
/c/en/organization	RelatedTo	/c/en/clean	0.10499999999999998	0.033
/c/en/organization	RelatedTo	/c/en/club_rule	0.10499999999999998	0.189
/c/en/organization	RelatedTo	/c/en/rule	0.10499999999999998	0.049
/c/en/organization	RelatedTo	/c/en/in_order	0.10400000000000009	0.017
/c/en/design	RelatedTo	/c/en/organization	0.10400000000000009	0.046
/c/en/organization	RelatedTo	/c/en/cross	0.1030000000000002	-0.007
/c/en/organization	RelatedTo	/c/en/type	0.1030000000000002	0.062
/c/en/organization	RelatedTo	/c/en/big_group	0.1030000000000002	0.052
/c/en/organization	RelatedTo	/c/en/red	0.1030000000000002	0.006
/c/en/organization	RelatedTo	/c/en/club_group	0.1030000000000002	0.189
/c/en/organization	RelatedTo	/c/en/type_group	0.1030000000000002	0.096
/c/en/organization	RelatedTo	/c/en/red_cross	0.1030000000000002	0.362
/c/en/organization	RelatedTo	/c/en/big	0.1030000000000002	0.073
/c/en/theory	RelatedTo	/c/en/organization	0.1030000000000002	0.117
/c/en/organization	RelatedTo	/c/en/vowel	0.10199999999999987	0.007
/c/en/organization	RelatedTo	/c/en/planned	0.10199999999999987	0.021
/c/en/organization	DistinctFrom	/c/en/disarray	0.10199999999999987	0.085
/c/en/organization	RelatedTo	/c/en/tidying	0.10199999999999987	0.105
/c/en/hierarchy	RelatedTo	/c/en/organization	0.10099999999999998	0.232
/c/en/account	RelatedTo	/c/en/organization	0.10099999999999998	0.022
/c/en/organization	RelatedTo	/c/en/group_club	0.10099999999999998	0.232
