/c/en/books	ReceivesAction	/c/en/read	10.198039027185569	0.47
/c/en/read	MotivatedByGoal	/c/en/learn	6.6332495807108	0.276
/c/en/literature	UsedFor	/c/en/read	4.898979485566356	0.177
/c/en/read	HasPrerequisite	/c/en/open_book	4.898979485566356	0.026
/c/en/article_in_magazine	UsedFor	/c/en/read	4.47213595499958	0.335
/c/en/waiting	HasSubevent	/c/en/read	4.47213595499958	0.125
/c/en/see_story	HasSubevent	/c/en/read	4.47213595499958	0.01
/c/en/memorize	HasPrerequisite	/c/en/read	4.47213595499958	0.31
/c/en/read	RelatedTo	/c/en/book	4.104144246977681	0.411
/c/en/read	RelatedTo	/c/en/books	3.4779304190854656	0.47
/c/en/book	RelatedTo	/c/en/read	3.2606747767908404	0.411
/c/en/signing_contract	HasSubevent	/c/en/read	2.82842712474619	0.02
/c/en/read	HasSubevent	/c/en/learn_new_things	2.82842712474619	0.258
/c/en/table	UsedFor	/c/en/read	2.82842712474619	0.17
/c/en/read	HasFirstSubevent	/c/en/open_book	2.82842712474619	0.026
/c/en/see_exciting_story	HasSubevent	/c/en/read	2.82842712474619	0.01
/c/en/sign_contract	HasPrerequisite	/c/en/read	2.82842712474619	0.13
/c/en/finding_information	HasSubevent	/c/en/read	2.82842712474619	-0.015
/c/en/read	RelatedTo	/c/en/action	2.5321927256826244	0.093
/c/en/read	RelatedTo	/c/en/activity	2.2934689882359436	0.128
/c/en/read	MannerOf	/c/en/predict	2.0	0.108
/c/en/skim	MannerOf	/c/en/read	2.0	0.288
/c/en/say	Synonym	/c/en/read	2.0	0.121
/c/en/read	HasContext	/c/en/performing_arts	2.0	-0.025
/c/en/dip_into	MannerOf	/c/en/read	2.0	-0.047
/c/en/show	MannerOf	/c/en/read	2.0	-0.023
/c/en/read	MannerOf	/c/en/understand	2.0	0.239
/c/en/anagram	MannerOf	/c/en/read	2.0	-0.008
/c/en/study	Entails	/c/en/read	2.0	0.158
/c/en/study	HasFirstSubevent	/c/en/read	2.0	0.158
/c/en/study	HasSubevent	/c/en/read	2.0	0.158
/c/en/read	Synonym	/c/en/learn	2.0	0.276
/c/en/read	MannerOf	/c/en/have	2.0	0.126
/c/en/get_contract	HasFirstSubevent	/c/en/read	2.0	0.013
/c/en/read	MannerOf	/c/en/audition	2.0	-0.021
/c/en/learning_about_science	HasSubevent	/c/en/read	2.0	0.067
/c/en/waiting_in_line	HasSubevent	/c/en/read	2.0	0.119
/c/en/read	MannerOf	/c/en/interpret	2.0	0.26
/c/en/relaxing	HasSubevent	/c/en/read	2.0	0.148
/c/en/register	Synonym	/c/en/read	2.0	0.144
/c/en/numerate	MannerOf	/c/en/read	2.0	0.093
/c/en/read	MannerOf	/c/en/talk	2.0	0.108
/c/en/papers	ReceivesAction	/c/en/read	2.0	0.149
/c/en/reread	MannerOf	/c/en/read	2.0	0.592
/c/en/lipread	MannerOf	/c/en/read	2.0	0.194
/c/en/read	MotivatedByGoal	/c/en/entertained	2.0	0.187
/c/en/learn_about_world	HasPrerequisite	/c/en/read	2.0	0.258
/c/en/dictate	MannerOf	/c/en/read	2.0	0.072
/c/en/strike	MannerOf	/c/en/read	2.0	0.017
/c/en/decipher	MannerOf	/c/en/read	2.0	0.29
/c/en/read	HasContext	/c/en/performing_arts	2.0	-0.025
/c/en/numerate	MannerOf	/c/en/read	2.0	0.093
/c/en/study	HasSubevent	/c/en/read	2.0	0.158
/c/en/dip_into	MannerOf	/c/en/read	2.0	-0.047
/c/en/show	MannerOf	/c/en/read	2.0	-0.023
/c/en/read	MannerOf	/c/en/audition	2.0	-0.021
/c/en/get_contract	HasFirstSubevent	/c/en/read	2.0	0.013
/c/en/read	IsA	/c/en/publication	2.0	0.239
/c/en/relaxing	HasSubevent	/c/en/read	2.0	0.148
/c/en/read	Synonym	/c/en/learn	2.0	0.276
/c/en/read	MannerOf	/c/en/talk	2.0	0.108
/c/en/read	MannerOf	/c/en/predict	2.0	0.108
/c/en/waiting_in_line	HasSubevent	/c/en/read	2.0	0.119
/c/en/papers	ReceivesAction	/c/en/read	2.0	0.149
/c/en/read	HasPrerequisite	/c/en/have_book	2.0	0.073
/c/en/seeing_story	HasSubevent	/c/en/read	2.0	0.157
/c/en/read	Synonym	/c/en/take	2.0	0.144
/c/en/dictate	MannerOf	/c/en/read	2.0	0.072
/c/en/read	MannerOf	/c/en/interpret	2.0	0.26
/c/en/learning_about_science	HasSubevent	/c/en/read	2.0	0.067
/c/en/reread	MannerOf	/c/en/read	2.0	0.592
/c/en/lipread	MannerOf	/c/en/read	2.0	0.194
/c/en/strike	MannerOf	/c/en/read	2.0	0.017
/c/en/read	MannerOf	/c/en/have	2.0	0.126
/c/en/read	MannerOf	/c/en/understand	2.0	0.239
/c/en/reading	RelatedTo	/c/en/read	1.5819999999999999	0.634
/c/en/illiteracy	RelatedTo	/c/en/read	1.056	0.081
/c/en/readable	DerivedFrom	/c/en/read	1.0	0.395
/c/en/curiosity	CausesDesire	/c/en/read	1.0	-0.012
/c/en/read_up	DerivedFrom	/c/en/read	1.0	0.424
/c/en/drive	RelatedTo	/c/en/read	1.0	0.085
/c/en/read	HasContext	/c/en/transgender	1.0	-0.045
/c/en/read	HasLastSubevent	/c/en/close_book	1.0	-0.036
/c/en/sign_contract	HasSubevent	/c/en/read	1.0	0.13
/c/en/read	HasPrerequisite	/c/en/pick_up_book	1.0	-0.009
/c/en/read	RelatedTo	/c/en/meaning	1.0	0.012
/c/en/read	HasPrerequisite	/c/en/reduce_distractions	1.0	-0.042
/c/en/stall	UsedFor	/c/en/read	1.0	0.081
/c/en/read	MotivatedByGoal	/c/en/lawyer_told_to	1.0	0.055
/c/en/lip_read	DerivedFrom	/c/en/read	1.0	-0.081
/c/en/backread	RelatedTo	/c/en/read	1.0	-0.003
/c/en/reader	RelatedTo	/c/en/read	1.0	0.421
/c/en/read	HasPrerequisite	/c/en/learn_alphabet	1.0	0.258
/c/en/readahead	DerivedFrom	/c/en/read	1.0	0.324
/c/en/unclear	RelatedTo	/c/en/read	1.0	0.035
/c/en/beread	DerivedFrom	/c/en/read	1.0	0.081
/c/en/baal_korei	RelatedTo	/c/en/read	1.0	0.017
/c/en/read_only_access	RelatedTo	/c/en/read	1.0	0.424
/c/en/phantom_read	DerivedFrom	/c/en/read	1.0	-0.057
/c/en/read_letter	HasPrerequisite	/c/en/read	1.0	0.424
/c/en/read	HasContext	/c/en/at_first_especially_in_black	1.0	0.0
/c/en/phantom_read	DerivedFrom	/c/en/read	1.0	-0.057
/c/en/must_read	RelatedTo	/c/en/read	1.0	0.565
/c/en/read	MotivatedByGoal	/c/en/lawyer_told_to	1.0	0.055
/c/en/take_care_of_proposals	HasSubevent	/c/en/read	1.0	0.07
/c/en/library	CausesDesire	/c/en/read	1.0	0.156
/c/en/read_letter	HasPrerequisite	/c/en/read	1.0	0.424
/c/en/read_only_access	RelatedTo	/c/en/read	1.0	0.424
/c/en/read	HasLastSubevent	/c/en/close_book	1.0	-0.036
/c/en/readograph	DerivedFrom	/c/en/read	1.0	0.262
/c/en/sqrrr	RelatedTo	/c/en/read	1.0	0.004
/c/en/sign_contract	HasSubevent	/c/en/read	1.0	0.13
/c/en/lip_read	DerivedFrom	/c/en/read	1.0	-0.081
/c/en/stall	UsedFor	/c/en/read	1.0	0.081
/c/en/read	HasSubevent	/c/en/memorize	1.0	0.31
/c/en/read	RelatedTo	/c/en/meaning	1.0	0.012
/c/en/read	HasPrerequisite	/c/en/not_diverted_from_goal	1.0	-0.001
/c/en/read	HasPrerequisite	/c/en/pick_up_book	1.0	-0.009
/c/en/literate	RelatedTo	/c/en/read	1.0	0.227
/c/en/fly_in_airplane	HasPrerequisite	/c/en/read	1.0	-0.012
/c/en/backread	RelatedTo	/c/en/read	1.0	-0.003
/c/en/read	HasContext	/c/en/ironic	1.0	0.043
/c/en/curiosity	CausesDesire	/c/en/read	1.0	-0.012
/c/en/waiting_for	HasSubevent	/c/en/read	1.0	0.169
/c/en/r_r	RelatedTo	/c/en/read	1.0	0.165
/c/en/baal_korei	RelatedTo	/c/en/read	1.0	0.017
/c/en/read	RelatedTo	/c/en/significance	1.0	0.023
/c/en/multiread	DerivedFrom	/c/en/read	1.0	-0.068
/c/en/preread	DerivedFrom	/c/en/read	1.0	-0.003
/c/en/read_over	DerivedFrom	/c/en/read	1.0	0.424
/c/en/learn_about_world	HasSubevent	/c/en/read	1.0	0.258
/c/en/read	RelatedTo	/c/en/infer	1.0	0.062
/c/en/speedread	RelatedTo	/c/en/read	1.0	0.048
/c/en/learning_about_subject	HasPrerequisite	/c/en/read	1.0	0.067
/c/en/waking_up_in_morning	HasSubevent	/c/en/read	1.0	-0.019
/c/en/eavesread	DerivedFrom	/c/en/read	1.0	0.11
/c/en/reader	DerivedFrom	/c/en/read	1.0	0.421
/c/en/proofread	DerivedFrom	/c/en/read	1.0	0.237
/c/en/well_read	DerivedFrom	/c/en/read	1.0	0.043
/c/en/underread	DerivedFrom	/c/en/read	1.0	-0.017
/c/en/reading	DerivedFrom	/c/en/read	1.0	0.634
/c/en/novel	IsA	/c/en/read	1.0	0.286
/c/en/read	HasFirstSubevent	/c/en/get_good_book	1.0	0.034
/c/en/readback	DerivedFrom	/c/en/read	1.0	0.565
/c/en/lying_in_bed	HasSubevent	/c/en/read	1.0	0.015
/c/en/reading	FormOf	/c/en/read	1.0	0.634
/c/en/prepare_for_vote	HasSubevent	/c/en/read	1.0	0.003
/c/en/heartbleed	RelatedTo	/c/en/read	1.0	0.283
/c/en/writing_book	HasSubevent	/c/en/read	1.0	0.369
/c/en/readahead	RelatedTo	/c/en/read	1.0	0.324
/c/en/novel	IsA	/c/en/read	1.0	0.286
/c/en/read	HasPrerequisite	/c/en/alfabetized	1.0	0.038
/c/en/lying_in_bed	HasSubevent	/c/en/read	1.0	0.015
/c/en/sitting_on_chair	HasSubevent	/c/en/read	1.0	-0.069
/c/en/reading	FormOf	/c/en/read	1.0	0.634
/c/en/visiting_art_gallery	HasSubevent	/c/en/read	1.0	0.1
/c/en/prepare_for_vote	HasSubevent	/c/en/read	1.0	0.003
/c/en/read_only	DerivedFrom	/c/en/read	1.0	0.424
/c/en/heartbleed	RelatedTo	/c/en/read	1.0	0.283
/c/en/writing_book	HasSubevent	/c/en/read	1.0	0.369
/c/en/readahead	RelatedTo	/c/en/read	1.0	0.324
/c/en/mindread	DerivedFrom	/c/en/read	1.0	0.122
/c/en/dirty_read	DerivedFrom	/c/en/read	1.0	-0.032
/c/en/read	HasContext	/c/en/at_first_especially_in_black	1.0	0.0
/c/en/primer	RelatedTo	/c/en/read	1.0	0.153
/c/en/playreading	RelatedTo	/c/en/read	1.0	0.119
/c/en/readworthy	RelatedTo	/c/en/read	1.0	0.565
/c/en/skimmer	RelatedTo	/c/en/read	1.0	0.128
/c/en/readback	DerivedFrom	/c/en/read	1.0	0.565
/c/en/discover_truth	HasPrerequisite	/c/en/read	1.0	0.035
/c/en/hate_read	RelatedTo	/c/en/read	1.0	0.055
/c/en/abibliophobia	RelatedTo	/c/en/read	1.0	-0.004
/c/en/flying_in_airplane	HasSubevent	/c/en/read	1.0	-0.016
/c/en/reading	DerivedFrom	/c/en/read	1.0	0.634
/c/en/cassette_drive	RelatedTo	/c/en/read	1.0	-0.127
/c/en/bathing	HasSubevent	/c/en/read	1.0	0.0
/c/en/read_someone_like_book	DerivedFrom	/c/en/read	1.0	0.424
/c/en/read	RelatedTo	/c/en/data	1.0	0.035
/c/en/message_board	RelatedTo	/c/en/read	1.0	0.138
/c/en/readworthy	DerivedFrom	/c/en/read	1.0	0.565
/c/en/fly_in_airplane	HasPrerequisite	/c/en/read	1.0	-0.012
/c/en/crabbed	RelatedTo	/c/en/read	1.0	0.083
/c/en/unreadability	RelatedTo	/c/en/read	1.0	0.271
/c/en/see_exciting_story	HasFirstSubevent	/c/en/read	1.0	0.01
/c/en/read	RelatedTo	/c/en/significance	1.0	0.023
/c/en/drag	RelatedTo	/c/en/read	1.0	-0.019
/c/en/counterread	DerivedFrom	/c/en/read	1.0	0.012
/c/en/preread	DerivedFrom	/c/en/read	1.0	-0.003
/c/en/check_over	RelatedTo	/c/en/read	1.0	0.073
/c/en/multiread	DerivedFrom	/c/en/read	1.0	-0.068
/c/en/closet_drama	RelatedTo	/c/en/read	1.0	0.03
/c/en/books	CausesDesire	/c/en/read	1.0	0.47
/c/en/read	HasLastSubevent	/c/en/sleeping	1.0	0.071
/c/en/learn_about_science	HasPrerequisite	/c/en/read	1.0	0.258
/c/en/read	MotivatedByGoal	/c/en/appreciate_great_works_of_fiction	1.0	0.126
/c/en/meterman	RelatedTo	/c/en/read	1.0	0.023
/c/en/chipscanner	RelatedTo	/c/en/read	1.0	0.054
/c/en/write_only	RelatedTo	/c/en/read	1.0	0.377
/c/en/mirandarize	RelatedTo	/c/en/read	1.0	0.022
/c/en/studying	HasPrerequisite	/c/en/read	1.0	0.196
/c/en/read	HasSubevent	/c/en/imagination_used	1.0	-0.074
/c/en/abibliophobia	RelatedTo	/c/en/read	1.0	-0.004
/c/en/mirandarize	RelatedTo	/c/en/read	1.0	0.022
/c/en/read	AtLocation	/c/en/mail_box	1.0	0.004
/c/en/if_written_then	ReceivesAction	/c/en/read	1.0	0.004
/c/en/read	HasPrerequisite	/c/en/alfabetized	1.0	0.038
/c/en/studying	HasPrerequisite	/c/en/read	1.0	0.196
/c/en/must_read	RelatedTo	/c/en/read	1.0	0.565
/c/en/read	MotivatedByGoal	/c/en/lawyer_told_to	1.0	0.055
/c/en/read_letter	MotivatedByGoal	/c/en/read	1.0	0.424
/c/en/take_care_of_proposals	HasSubevent	/c/en/read	1.0	0.07
/c/en/pages_of_book	ReceivesAction	/c/en/read	1.0	0.36
/c/en/read	RelatedTo	/c/en/data	1.0	0.035
/c/en/reads	FormOf	/c/en/read	1.0	0.843
/c/en/read	HasContext	/c/en/at_first_especially_in_black	1.0	0.0
/c/en/most_people	CapableOf	/c/en/read	1.0	0.176
/c/en/go_on_vacation	HasSubevent	/c/en/read	1.0	0.018
/c/en/visiting_art_gallery	HasSubevent	/c/en/read	1.0	0.1
/c/en/peruse	RelatedTo	/c/en/read	1.0	0.462
/c/en/article_in_newspaper	UsedFor	/c/en/read	1.0	0.335
/c/en/underread	DerivedFrom	/c/en/read	1.0	-0.017
/c/en/read	MotivatedByGoal	/c/en/get_information	1.0	0.067
/c/en/handle_proposals	HasFirstSubevent	/c/en/read	1.0	0.067
/c/en/dvd_rom	RelatedTo	/c/en/read	1.0	0.162
/c/en/interesting_title	CausesDesire	/c/en/read	1.0	0.179
/c/en/sign_contract	HasSubevent	/c/en/read	1.0	0.13
/c/en/invalid	CapableOf	/c/en/read	1.0	0.021
/c/en/tetralingual	RelatedTo	/c/en/read	1.0	0.192
/c/en/arread	DerivedFrom	/c/en/read	1.0	0.002
/c/en/bath_book	RelatedTo	/c/en/read	1.0	0.005
/c/en/read	HasSubevent	/c/en/might_learn_new_information	1.0	0.023
/c/en/throw_away	RelatedTo	/c/en/read	1.0	0.066
/c/en/readee	DerivedFrom	/c/en/read	1.0	0.526
/c/en/readed	FormOf	/c/en/read	1.0	0.526
/c/en/readout	DerivedFrom	/c/en/read	1.0	0.354
/c/en/read	HasPrerequisite	/c/en/literate	1.0	0.227
/c/en/sign_contract	HasFirstSubevent	/c/en/read	1.0	0.13
/c/en/preliterate	RelatedTo	/c/en/read	1.0	0.244
/c/en/read	Antonym	/c/en/pass	1.0	0.068
/c/en/read_along	RelatedTo	/c/en/read	1.0	0.403
/c/en/read	RelatedTo	/c/en/thought	1.0	0.075
/c/en/read_someone_to_filth	DerivedFrom	/c/en/read	1.0	0.424
/c/en/playreader	RelatedTo	/c/en/read	1.0	0.119
/c/en/backread	RelatedTo	/c/en/read	1.0	-0.003
/c/en/readen	FormOf	/c/en/read	1.0	0.526
/c/en/spin_up	RelatedTo	/c/en/read	1.0	0.049
/c/en/u	CapableOf	/c/en/read	1.0	-0.005
/c/en/curiosity	CausesDesire	/c/en/read	1.0	-0.012
/c/en/readworthy	DerivedFrom	/c/en/read	1.0	0.565
/c/en/get_onto_web	HasFirstSubevent	/c/en/read	1.0	0.038
/c/en/read_only	DerivedFrom	/c/en/read	1.0	0.424
/c/en/bookholder	RelatedTo	/c/en/read	1.0	0.182
/c/en/outread	DerivedFrom	/c/en/read	1.0	-0.084
/c/en/read	HasPrerequisite	/c/en/look_at_book	1.0	0.113
/c/en/read_write	RelatedTo	/c/en/read	1.0	0.424
/c/en/writing_board	RelatedTo	/c/en/read	1.0	0.369
/c/en/learn_language	MotivatedByGoal	/c/en/read	1.0	0.258
/c/en/reading	HasPrerequisite	/c/en/read	1.0	0.634
/c/en/readableness	RelatedTo	/c/en/read	1.0	0.395
/c/en/decipher	RelatedTo	/c/en/read	1.0	0.29
/c/en/read	HasFirstSubevent	/c/en/choose_book	1.0	-0.002
/c/en/read	HasPrerequisite	/c/en/turn_off_tv	1.0	0.084
/c/en/read_between_lines	DerivedFrom	/c/en/read	1.0	0.424
/c/en/read	HasSubevent	/c/en/move_eyes	1.0	0.028
/c/en/read	HasPrerequisite	/c/en/have_written_materials	1.0	0.073
/c/en/technopathy	RelatedTo	/c/en/read	1.0	0.003
/c/en/passage	UsedFor	/c/en/read	1.0	0.262
/c/en/read_my_lips	DerivedFrom	/c/en/read	1.0	0.424
/c/en/lipread	DerivedFrom	/c/en/read	1.0	0.194
/c/en/good_book	CausesDesire	/c/en/read	1.0	0.017
/c/en/rest	HasSubevent	/c/en/read	1.0	0.095
/c/en/read	HasFirstSubevent	/c/en/get_document	1.0	0.037
/c/en/misread	RelatedTo	/c/en/read	1.0	0.299
/c/en/read	HasPrerequisite	/c/en/find_book	1.0	0.142
/c/en/read	MotivatedByGoal	/c/en/appear_cultured_to_opposite_sex	1.0	0.024
/c/en/peer_editing	RelatedTo	/c/en/read	1.0	0.087
/c/en/unread	DerivedFrom	/c/en/read	1.0	0.381
/c/en/pyramid_of_doom	RelatedTo	/c/en/read	1.0	0.022
/c/en/page_turny	RelatedTo	/c/en/read	1.0	0.359
/c/en/worm	DerivedFrom	/c/en/read	1.0	0.056
/c/en/literal	RelatedTo	/c/en/read	1.0	0.058
/c/en/mind_read	DerivedFrom	/c/en/read	1.0	0.053
/c/en/learn_about_science	HasSubevent	/c/en/read	1.0	0.258
/c/en/beread	DerivedFrom	/c/en/read	1.0	0.081
/c/en/readeth	FormOf	/c/en/read	1.0	0.702
/c/en/read	HasPrerequisite	/c/en/possess_reading_material	1.0	0.021
/c/en/speed_read	DerivedFrom	/c/en/read	1.0	0.04
/c/en/overread	DerivedFrom	/c/en/read	1.0	0.037
/c/en/benefit_of_clergy	RelatedTo	/c/en/read	1.0	0.024
/c/en/subread	DerivedFrom	/c/en/read	1.0	0.047
/c/en/spin_down	RelatedTo	/c/en/read	1.0	-0.026
/c/en/read	RelatedTo	/c/en/reid	1.0	0.1
/c/en/read	HasLastSubevent	/c/en/contemplate	1.0	0.09
/c/en/clocks	ReceivesAction	/c/en/read	1.0	0.022
/c/en/undecipherable	RelatedTo	/c/en/read	1.0	0.17
/c/en/read	RelatedTo	/c/en/interpret	1.0	0.26
/c/en/reads	FormOf	/c/en/read	1.0	0.843
/c/en/bookcrossing	RelatedTo	/c/en/read	1.0	0.177
/c/en/readaholic	DerivedFrom	/c/en/read	1.0	0.324
/c/en/aliteracy	RelatedTo	/c/en/read	1.0	-0.02
/c/en/after_good_meal	Desires	/c/en/read	1.0	-0.055
/c/en/read	RelatedTo	/c/en/recognise	1.0	0.052
/c/en/line	RelatedTo	/c/en/read	1.0	0.099
/c/en/map	ReceivesAction	/c/en/read	1.0	0.035
/c/en/driving	HasSubevent	/c/en/read	1.0	0.042
/c/en/paralexia	RelatedTo	/c/en/read	1.0	0.019
/c/en/read	HasSubevent	/c/en/turn_page	1.0	0.147
/c/en/outread	RelatedTo	/c/en/read	1.0	-0.084
/c/en/sit_quietly	HasSubevent	/c/en/read	1.0	0.073
/c/en/read	HasPrerequisite	/c/en/get_book_and_open	1.0	0.037
/c/en/have_one's_head_read	DerivedFrom	/c/en/read	1.0	0.073
/c/en/riplock	RelatedTo	/c/en/read	1.0	0.011
/c/en/third_grader	CapableOf	/c/en/read	1.0	-0.049
/c/en/prepare_for_vote	HasPrerequisite	/c/en/read	1.0	0.003
/c/en/biography_person	CapableOf	/c/en/read	1.0	0.166
/c/en/read	HasPrerequisite	/c/en/find_book_like	1.0	0.142
/c/en/read	CapableOf	/c/en/page_through_book	1.0	0.359
/c/en/foreread	DerivedFrom	/c/en/read	1.0	-0.017
/c/en/misread	RelatedTo	/c/en/read	1.0	0.299
/c/en/read_dating	DerivedFrom	/c/en/read	1.0	0.424
/c/en/study	UsedFor	/c/en/read	1.0	0.158
/c/en/copyread	DerivedFrom	/c/en/read	1.0	0.065
/c/en/studying_for_subject	HasSubevent	/c/en/read	1.0	0.196
/c/en/dictogloss	RelatedTo	/c/en/read	1.0	0.069
/c/en/strephosymbolia	RelatedTo	/c/en/read	1.0	-0.115
/c/en/aread	DerivedFrom	/c/en/read	1.0	0.056
/c/en/dictated_but_not_read	DerivedFrom	/c/en/read	1.0	0.085
/c/en/alot_of_writers	Desires	/c/en/read	1.0	0.04
/c/en/readback	RelatedTo	/c/en/read	1.0	0.565
/c/en/read	HasSubevent	/c/en/use_eyes	1.0	0.041
/c/en/foreread	RelatedTo	/c/en/read	1.0	-0.017
/c/en/staying_in_bed	HasSubevent	/c/en/read	1.0	0.063
/c/en/readthrough	DerivedFrom	/c/en/read	1.0	0.354
/c/en/autocue	RelatedTo	/c/en/read	1.0	0.177
/c/en/read	HasPrerequisite	/c/en/turn_light_on	1.0	0.147
/c/en/computer_user	CapableOf	/c/en/read	1.0	-0.01
/c/en/illiteracy	RelatedTo	/c/en/read	1.0	0.081
/c/en/read	HasPrerequisite	/c/en/find_book_and_open	1.0	0.142
/c/en/going_to_bed	HasSubevent	/c/en/read	1.0	-0.077
/c/en/read	HasLastSubevent	/c/en/put_away_book	1.0	0.03
/c/en/read_through	DerivedFrom	/c/en/read	1.0	0.424
/c/en/listening_to_radio	HasSubevent	/c/en/read	1.0	0.192
/c/en/multiread	RelatedTo	/c/en/read	1.0	-0.068
/c/en/memorize	HasFirstSubevent	/c/en/read	1.0	0.31
/c/en/read	HasPrerequisite	/c/en/not_illiterate	1.0	-0.001
/c/en/going_on_vacation	CausesDesire	/c/en/read	1.0	0.067
/c/en/writeback	RelatedTo	/c/en/read	1.0	0.377
/c/en/eavesread	RelatedTo	/c/en/read	1.0	0.11
/c/en/read	HasPrerequisite	/c/en/read_book	1.0	0.424
/c/en/sign_contract	HasFirstSubevent	/c/en/read	1.0	0.13
/c/en/preliterate	RelatedTo	/c/en/read	1.0	0.244
/c/en/read_along	RelatedTo	/c/en/read	1.0	0.403
/c/en/read	RelatedTo	/c/en/thought	1.0	0.075
/c/en/read_someone_to_filth	DerivedFrom	/c/en/read	1.0	0.424
/c/en/read_green	DerivedFrom	/c/en/read	1.0	0.424
/c/en/spin_up	RelatedTo	/c/en/read	1.0	0.049
/c/en/u	CapableOf	/c/en/read	1.0	-0.005
/c/en/readworthy	DerivedFrom	/c/en/read	1.0	0.565
/c/en/get_onto_web	HasFirstSubevent	/c/en/read	1.0	0.038
/c/en/dvd_rom	RelatedTo	/c/en/read	1.0	0.162
/c/en/read	MotivatedByGoal	/c/en/wanted_to_gain_information	1.0	0.115
/c/en/half_glasses	UsedFor	/c/en/read	1.0	0.009
/c/en/read	HasPrerequisite	/c/en/literate	1.0	0.227
/c/en/interesting_title	CausesDesire	/c/en/read	1.0	0.179
/c/en/travel	HasSubevent	/c/en/read	1.0	0.128
/c/en/read_someone's_mind	DerivedFrom	/c/en/read	1.0	0.424
/c/en/read	HasPrerequisite	/c/en/buy_book	1.0	0.107
/c/en/read	AtLocation	/c/en/mail_box	1.0	0.004
/c/en/cold_read	DerivedFrom	/c/en/read	1.0	0.006
/c/en/studying	HasSubevent	/c/en/read	1.0	0.196
/c/en/read	HasPrerequisite	/c/en/learn_to_read	1.0	0.258
/c/en/read	HasContext	/c/en/lgbt	1.0	0.05
/c/en/illiterate	RelatedTo	/c/en/read	1.0	0.058
/c/en/literate	RelatedTo	/c/en/read	1.0	0.227
/c/en/read_dating	DerivedFrom	/c/en/read	1.0	0.424
/c/en/general_studies	RelatedTo	/c/en/read	1.0	-0.052
/c/en/arread	RelatedTo	/c/en/read	1.0	0.002
/c/en/skim_through	RelatedTo	/c/en/read	1.0	0.045
/c/en/transport	RelatedTo	/c/en/read	1.0	0.041
/c/en/lector	RelatedTo	/c/en/read	1.0	0.26
/c/en/read_out	DerivedFrom	/c/en/read	1.0	0.424
/c/en/reading	DerivedFrom	/c/en/read	1.0	0.634
/c/en/desire_to_learn	CausesDesire	/c/en/read	1.0	0.074
/c/en/reread	DerivedFrom	/c/en/read	1.0	0.592
/c/en/read_news	HasSubevent	/c/en/read	1.0	0.424
/c/en/reads	RelatedTo	/c/en/read	1.0	0.843
/c/en/take_care_of_proposals	HasPrerequisite	/c/en/read	1.0	0.07
/c/en/sound_head	RelatedTo	/c/en/read	1.0	0.024
/c/en/backread	DerivedFrom	/c/en/read	1.0	-0.003
/c/en/trilingual	RelatedTo	/c/en/read	1.0	0.076
/c/en/reading	FormOf	/c/en/read	1.0	0.634
/c/en/rtfm	DerivedFrom	/c/en/read	1.0	0.29
/c/en/unread	DerivedFrom	/c/en/read	1.0	0.381
/c/en/sitting_quietly	HasSubevent	/c/en/read	1.0	-0.069
/c/en/misread	DerivedFrom	/c/en/read	1.0	0.299
/c/en/reading_material	RelatedTo	/c/en/read	1.0	0.406
/c/en/read	HasPrerequisite	/c/en/find_glasses	1.0	0.142
/c/en/read	RelatedTo	/c/en/transgender	1.0	-0.045
/c/en/read	HasPrerequisite	/c/en/go_to_library	1.0	0.031
/c/en/cold_read	DerivedFrom	/c/en/read	1.0	0.006
/c/en/discard	RelatedTo	/c/en/read	1.0	0.072
/c/en/bulletin_board	RelatedTo	/c/en/read	1.0	0.106
/c/en/read_for	DerivedFrom	/c/en/read	1.0	0.424
/c/en/read	HasSubevent	/c/en/learn	1.0	0.276
/c/en/reread	RelatedTo	/c/en/read	1.0	0.592
/c/en/having_lunch	HasSubevent	/c/en/read	1.0	0.093
/c/en/subread	RelatedTo	/c/en/read	1.0	0.047
/c/en/copyread	RelatedTo	/c/en/read	1.0	0.065
/c/en/learning_new	HasSubevent	/c/en/read	1.0	0.067
/c/en/skim_read	RelatedTo	/c/en/read	1.0	0.045
/c/en/bone_up_on	HasSubevent	/c/en/read	1.0	0.042
/c/en/read	MotivatedByGoal	/c/en/expand_knowledge	1.0	0.074
/c/en/read	HasContext	/c/en/commonwealth	1.0	0.001
/c/en/preread	RelatedTo	/c/en/read	1.0	-0.003
/c/en/words_printed_in_book	ReceivesAction	/c/en/read	1.0	0.095
/c/en/tell_story	HasSubevent	/c/en/read	1.0	0.021
/c/en/cross_reading	RelatedTo	/c/en/read	1.0	0.023
/c/en/proof_reader	RelatedTo	/c/en/read	1.0	0.14
/c/en/read_only	RelatedTo	/c/en/read	1.0	0.424
/c/en/readest	FormOf	/c/en/read	1.0	0.526
/c/en/read	HasSubevent	/c/en/having_fun	1.0	0.093
/c/en/read_someone_riot_act	DerivedFrom	/c/en/read	1.0	0.424
/c/en/speedread	DerivedFrom	/c/en/read	1.0	0.048
/c/en/readtable	DerivedFrom	/c/en/read	1.0	0.354
/c/en/read	RelatedTo	/c/en/intention	1.0	-0.115
/c/en/internet_forum	RelatedTo	/c/en/read	1.0	-0.077
/c/en/read	HasSubevent	/c/en/learn_new_words	1.0	0.258
/c/en/read_out	DerivedFrom	/c/en/read	1.0	0.424
/c/en/read	Synonym	/c/en/learn	1.0	0.276
/c/en/read	HasContext	/c/en/computing	1.0	-0.008
/c/en/literacy	RelatedTo	/c/en/read	1.0	0.082
/c/en/reads	FormOf	/c/en/read	1.0	0.843
/c/en/self_improvement_book	ReceivesAction	/c/en/read	1.0	-0.014
/c/en/speed_reading	RelatedTo	/c/en/read	1.0	0.04
/c/en/readthrough	RelatedTo	/c/en/read	1.0	0.354
/c/en/get_good_grade	HasPrerequisite	/c/en/read	1.0	0.034
/c/en/prereader	RelatedTo	/c/en/read	1.0	-0.003
/c/en/mindread	RelatedTo	/c/en/read	1.0	0.122
/c/en/barcode_reader	RelatedTo	/c/en/read	1.0	0.356
/c/en/read	HasPrerequisite	/c/en/take_book	1.0	0.103
/c/en/reading	RelatedTo	/c/en/read	1.0	0.634
/c/en/read	HasPrerequisite	/c/en/in_well_lighted_area	1.0	-0.034
/c/en/readathon	DerivedFrom	/c/en/read	1.0	0.324
/c/en/watching_tv	HasSubevent	/c/en/read	1.0	0.144
/c/en/read	HasContext	/c/en/lgbt	1.0	0.05
/c/en/sight_read	DerivedFrom	/c/en/read	1.0	0.023
/c/en/block_dump	RelatedTo	/c/en/read	1.0	-0.0
/c/en/pronounce	RelatedTo	/c/en/read	1.0	0.165
/c/en/illiterati	RelatedTo	/c/en/read	1.0	0.069
/c/en/read	RelatedTo	/c/en/book_activity	0.851	0.325
/c/en/read	RelatedTo	/c/en/use	0.831	0.07
/c/en/read	RelatedTo	/c/en/looking	0.8069999999999999	0.108
/c/en/read	RelatedTo	/c/en/book_action	0.7809999999999997	0.325
/c/en/read	Antonym	/c/en/write	0.714	0.434
/c/en/read	RelatedTo	/c/en/learning	0.609	0.102
/c/en/read	RelatedTo	/c/en/peruse	0.5920000000000001	0.462
/c/en/read	RelatedTo	/c/en/use_book	0.5899999999999999	0.041
/c/en/read	RelatedTo	/c/en/literate	0.516	0.227
/c/en/read	RelatedTo	/c/en/write	0.5009999999999999	0.434
/c/en/read	RelatedTo	/c/en/peruse_book	0.4889999999999999	0.458
/c/en/read	DistinctFrom	/c/en/write	0.4820000000000002	0.434
/c/en/read	RelatedTo	/c/en/book_looking	0.46799999999999997	0.325
/c/en/story	RelatedTo	/c/en/read	0.40700000000000003	0.256
/c/en/read	Antonym	/c/en/illiterate	0.3879999999999999	0.058
/c/en/read	RelatedTo	/c/en/literacy	0.387	0.082
/c/en/write	Antonym	/c/en/read	0.3769999999999998	0.434
/c/en/read	RelatedTo	/c/en/writing	0.3700000000000001	0.3
/c/en/read	RelatedTo	/c/en/studying	0.3660000000000001	0.196
/c/en/read	RelatedTo	/c/en/hobby	0.33499999999999996	-0.034
/c/en/writing	Antonym	/c/en/read	0.29899999999999993	0.3
/c/en/review	RelatedTo	/c/en/read	0.27700000000000014	0.247
/c/en/read	RelatedTo	/c/en/look	0.2749999999999999	0.104
/c/en/read	RelatedTo	/c/en/skim_books	0.26900000000000013	0.045
/c/en/read	RelatedTo	/c/en/skim	0.26900000000000013	0.288
/c/en/read	RelatedTo	/c/en/eyes	0.2629999999999999	0.019
/c/en/redd	EtymologicallyRelatedTo	/c/en/read	0.25	0.006
/c/en/read	EtymologicallyRelatedTo	/c/en/rede	0.25	0.092
/c/en/read_someone_to_filth	EtymologicallyRelatedTo	/c/en/read	0.25	0.424
/c/en/rede	EtymologicallyRelatedTo	/c/en/read	0.25	0.092
/c/en/sight_read	EtymologicallyRelatedTo	/c/en/read	0.25	0.023
/c/en/read	RelatedTo	/c/en/knowledge	0.242	0.018
/c/en/read	RelatedTo	/c/en/literate_activity	0.2370000000000001	0.265
/c/en/writing	RelatedTo	/c/en/read	0.23499999999999988	0.3
/c/en/read	RelatedTo	/c/en/looking_at	0.2330000000000001	0.142
/c/en/read	RelatedTo	/c/en/literacy_action	0.22999999999999998	0.082
/c/en/read	RelatedTo	/c/en/learning_books	0.22699999999999987	0.067
/c/en/read	RelatedTo	/c/en/decipher	0.22599999999999998	0.29
/c/en/read	RelatedTo	/c/en/decipher_writing	0.22599999999999998	0.269
/c/en/read	RelatedTo	/c/en/digest_book	0.2240000000000002	0.23
/c/en/read	RelatedTo	/c/en/digest	0.2240000000000002	0.294
/c/en/print	RelatedTo	/c/en/read	0.21300000000000008	0.223
/c/en/magazine	RelatedTo	/c/en/read	0.20400000000000018	0.175
/c/en/reply	RelatedTo	/c/en/read	0.20199999999999996	0.094
/c/en/read	RelatedTo	/c/en/school	0.19700000000000006	-0.006
/c/en/read	RelatedTo	/c/en/school_subject	0.19700000000000006	0.021
/c/en/read	RelatedTo	/c/en/subject	0.19700000000000006	0.145
/c/en/read	RelatedTo	/c/en/newspaper_activity	0.18599999999999994	0.175
/c/en/read	RelatedTo	/c/en/newspaper	0.18599999999999994	0.232
/c/en/read	RelatedTo	/c/en/books_newspapers	0.18400000000000016	0.252
/c/en/read	RelatedTo	/c/en/newspapers	0.18400000000000016	0.236
/c/en/read	RelatedTo	/c/en/by_eye	0.18299999999999983	0.06
/c/en/read	RelatedTo	/c/en/eye	0.18299999999999983	0.02
/c/en/read	RelatedTo	/c/en/finish	0.17899999999999983	0.028
/c/en/clock	RelatedTo	/c/en/read	0.17899999999999983	-0.023
/c/en/read	RelatedTo	/c/en/finish_book	0.17899999999999983	-0.057
/c/en/read	RelatedTo	/c/en/be_literate	0.17600000000000016	-0.026
/c/en/read	RelatedTo	/c/en/pages	0.17300000000000004	0.36
/c/en/read	RelatedTo	/c/en/book_look	0.17300000000000004	0.325
/c/en/newspaper	RelatedTo	/c/en/read	0.16599999999999993	0.232
/c/en/read	RelatedTo	/c/en/enjoy_book	0.16199999999999992	0.172
/c/en/read	RelatedTo	/c/en/enjoy	0.16199999999999992	0.169
/c/en/read	RelatedTo	/c/en/like_write	0.1589999999999998	-0.021
/c/en/read	RelatedTo	/c/en/like	0.1589999999999998	0.1
/c/en/write	RelatedTo	/c/en/read	0.1499999999999999	0.434
/c/en/read	RelatedTo	/c/en/with_books	0.14400000000000013	0.014
/c/en/page	RelatedTo	/c/en/read	0.1419999999999999	0.271
/c/en/paper	RelatedTo	/c/en/read	0.14100000000000001	0.124
/c/en/read	RelatedTo	/c/en/use_eyes	0.13900000000000023	0.041
/c/en/step	RelatedTo	/c/en/read	0.13600000000000012	0.09
/c/en/read	RelatedTo	/c/en/libraries	0.133	0.207
/c/en/read	RelatedTo	/c/en/book_related	0.1280000000000001	0.301
/c/en/read	RelatedTo	/c/en/related	0.1280000000000001	0.145
/c/en/read	RelatedTo	/c/en/speak	0.1280000000000001	0.111
/c/en/illiteracy	Antonym	/c/en/read	0.12699999999999978	0.081
/c/en/read	Antonym	/c/en/speak	0.1259999999999999	0.111
/c/en/read	RelatedTo	/c/en/scanning	0.12400000000000011	0.127
/c/en/read	RelatedTo	/c/en/eyes_scanning	0.12400000000000011	0.025
/c/en/news	RelatedTo	/c/en/read	0.11899999999999977	0.12
/c/en/read	RelatedTo	/c/en/breed	0.11699999999999999	0.03
/c/en/admit	RelatedTo	/c/en/read	0.1160000000000001	0.005
/c/en/read	Antonym	/c/en/ignore	0.11299999999999999	0.089
/c/en/read	RelatedTo	/c/en/visual	0.1080000000000001	-0.04
/c/en/read	RelatedTo	/c/en/understanding	0.1080000000000001	0.149
/c/en/read	RelatedTo	/c/en/consuming	0.1080000000000001	0.077
/c/en/read	RelatedTo	/c/en/book_consuming	0.1080000000000001	0.266
/c/en/read	RelatedTo	/c/en/visual_understanding	0.1080000000000001	-0.01
/c/en/read	RelatedTo	/c/en/booking_perusing	0.1070000000000002	0.045
/c/en/read	RelatedTo	/c/en/perusing	0.1070000000000002	0.403
/c/en/read	RelatedTo	/c/en/booking	0.1070000000000002	0.049
/c/en/read	RelatedTo	/c/en/literary	0.10599999999999987	0.098
/c/en/read	RelatedTo	/c/en/looking_books	0.10599999999999987	0.054
/c/en/read	RelatedTo	/c/en/literary_activity	0.10599999999999987	0.176
/c/en/read	RelatedTo	/c/en/magazines	0.10599999999999987	0.262
/c/en/read	RelatedTo	/c/en/books_magazines	0.10599999999999987	0.252
/c/en/read	RelatedTo	/c/en/books_articles	0.10499999999999998	0.252
/c/en/accord	RelatedTo	/c/en/read	0.10499999999999998	-0.027
/c/en/read	RelatedTo	/c/en/technique	0.10499999999999998	-0.091
/c/en/read	RelatedTo	/c/en/articles	0.10499999999999998	0.359
/c/en/read	RelatedTo	/c/en/book_technique	0.10499999999999998	0.325
/c/en/read	RelatedTo	/c/en/you_books	0.10400000000000009	0.024
/c/en/read	RelatedTo	/c/en/browsing	0.10400000000000009	0.172
/c/en/read	RelatedTo	/c/en/interpret	0.1030000000000002	0.26
/c/en/read	RelatedTo	/c/en/in_book	0.1030000000000002	0.025
/c/en/read	RelatedTo	/c/en/interpret_book	0.1030000000000002	0.171
/c/en/read	RelatedTo	/c/en/peruse_magazine	0.1030000000000002	0.458
/c/en/read	RelatedTo	/c/en/understand	0.1030000000000002	0.239
/c/en/read	RelatedTo	/c/en/magazine	0.1030000000000002	0.175
/c/en/read	RelatedTo	/c/en/look_books	0.10199999999999987	0.068
/c/en/read	RelatedTo	/c/en/do	0.10199999999999987	0.051
/c/en/read	RelatedTo	/c/en/absorb_book	0.10199999999999987	0.195
/c/en/read	RelatedTo	/c/en/do_books	0.10199999999999987	0.009
/c/en/read	RelatedTo	/c/en/use_books	0.10199999999999987	0.041
/c/en/read	RelatedTo	/c/en/absorb	0.10199999999999987	0.191
